player_name,country,team,total_rounds,kd,rating,game
ZywOo,France,Vitality,22399,1.38,1.28,CSGO
s1mple,Ukraine,Natus Vincere,37717,1.33,1.25,CSGO
deko,Russia,1WIN,5096,1.42,1.24,CSGO
saffee,Brazil,paiN,5383,1.37,1.24,CSGO
sh1ro,Russia,Gambit,19780,1.43,1.22,CSGO
m0NESY,Russia,NAVI Junior,3687,1.31,1.21,CSGO
Kaze,Malaysia,ViCi,20459,1.32,1.2,CSGO
degster,Russia,Spirit,14868,1.31,1.19,CSGO
sterling,New Zealand,AVANT,18010,1.33,1.19,CSGO
d4v41,Malaysia,BOOT,8005,1.27,1.18,CSGO
smooya,United Kingdom,BIG,19476,1.26,1.18,CSGO
cLy,Germany,3DMAX,2756,1.26,1.18,CSGO
w0nderful,Ukraine,Trasko,2851,1.29,1.18,CSGO
fxy0,France,Epsilon,4859,1.25,1.17,CSGO
MisteM,South Africa,ATK,2624,1.22,1.17,CSGO
XANTARES,Turkey,Space Soldiers,39753,1.2,1.17,CSGO
Woro2k,Ukraine,MAD Lions,3485,1.22,1.17,CSGO
Laz,Japan,SCARZ Absolute,6862,1.27,1.17,CSGO
DANK1NG,China,TYLOO,8099,1.24,1.16,CSGO
SENSEi,Ukraine,Akuma,8975,1.33,1.16,CSGO
try,Argentina,9z,4854,1.28,1.16,CSGO
coldzera,Brazil,SK,34861,1.26,1.16,CSGO
device,Denmark,Astralis,45159,1.25,1.16,CSGO
JamYoung,China,ViCi,6992,1.24,1.16,CSGO
cosmeeeN,Romania,Epsilon,8310,1.2,1.16,CSGO
Sico,New Zealand,Renegades,20947,1.3,1.16,CSGO
XigN,Korea,MVP PK,16454,1.22,1.16,CSGO
BnTeT,Indonesia,TYLOO,25236,1.24,1.16,CSGO
torzsi,Hungary,mouz NXT,8498,1.23,1.16,CSGO
blameF,Denmark,Complexity,19154,1.27,1.16,CSGO
z4kr,China,Lynn Vision,5271,1.21,1.15,CSGO
NiKo,Bosnia and Herzegovina,G2,39556,1.19,1.15,CSGO
nettik,New Zealand,Rooster,6182,1.2,1.15,CSGO
KSCERATO,Brazil,FURIA,20993,1.28,1.15,CSGO
vsm,Brazil,DETONA,11827,1.19,1.15,CSGO
XELLOW,Romania,Nexus,23961,1.18,1.14,CSGO
Benkai,Singapore,BOOT-d[S],15560,1.2,1.14,CSGO
ju1ces,Australia,Rooster,5737,1.2,1.14,CSGO
dizzyLife,Australia,Legacy,8772,1.22,1.14,CSGO
Jame,Russia,Virtus.pro,28226,1.3,1.14,CSGO
El1an,Russia,Entropiq,27968,1.23,1.14,CSGO
sk0R,Mongolia,NKT,5723,1.17,1.13,CSGO
Texta,Australia,Chiefs,15713,1.16,1.13,CSGO
zAAz,Sweden,Secret fe,5502,1.16,1.13,CSGO
oskar,Czech Republic,Sinners,35564,1.2,1.13,CSGO
mhL,Poland,AGO,9572,1.2,1.13,CSGO
woxic,Turkey,HellRaisers,23999,1.21,1.13,CSGO
dav1d,Chile,Paquetá,5942,1.16,1.13,CSGO
zevy,Brazil,Sharks,3506,1.21,1.13,CSGO
SunPayus,Spain,Movistar Riders,4244,1.21,1.13,CSGO
keiz,Brazil,Santos,3587,1.28,1.13,CSGO
fredi,Czech Republic,eSuba,5987,1.17,1.13,CSGO
mantuu,Poland,OG,16657,1.21,1.13,CSGO
kennyS,France,G2,48634,1.21,1.13,CSGO
frozen,Slovakia,mousesports,28215,1.17,1.13,CSGO
huNter-,Bosnia and Herzegovina,G2,34977,1.16,1.13,CSGO
Petra,Netherlands,XSET,2487,1.16,1.13,CSGO
erkaSt,Mongolia,Grayhound,21491,1.17,1.12,CSGO
yuurih,Brazil,FURIA,23462,1.19,1.12,CSGO
dream3r,Bulgaria,Fiend,26099,1.22,1.12,CSGO
xsepower,Russia,forZe,28504,1.25,1.12,CSGO
mattcd,Australia,Legacy,5998,1.21,1.12,CSGO
prelideN,Latvia,Latvia,2768,1.09,1.12,CSGO
Freeman,Hong Kong,ViCi,18573,1.18,1.12,CSGO
kNgV-,Brazil,MIBR,20744,1.17,1.12,CSGO
deoxiDE,Australia,Legacy,3439,1.19,1.12,CSGO
GooseBreeder,Canada,CLG Red,3830,1.18,1.12,CSGO
Calyx,Turkey,Space Soldiers,22293,1.19,1.12,CSGO
jOELZ,Finland,nerdRage,6433,1.17,1.12,CSGO
liTTle,Russia,forZe,12159,1.2,1.12,CSGO
NEOFRAG,Czech Republic,Sinners,11805,1.14,1.12,CSGO
asap,Australia,Rooster,4896,1.15,1.12,CSGO
cath,Canada,Dignitas fe,3977,1.15,1.12,CSGO
f0rsakeN,Indonesia,BOOM,2684,1.13,1.12,CSGO
Jamppi,Finland,SJ,13449,1.16,1.12,CSGO
INS,Australia,Renegades,22077,1.17,1.12,CSGO
ropz,Estonia,mousesports,26414,1.2,1.12,CSGO
wrath,United States,New Identity,13568,1.13,1.12,CSGO
chelleos,New Zealand,Rooster,12189,1.13,1.12,CSGO
GuardiaN,Slovakia,Natus Vincere,39782,1.19,1.11,CSGO
Twistzz,Canada,Liquid,32124,1.18,1.11,CSGO
f0rest,Sweden,Dignitas,49895,1.17,1.11,CSGO
CigaretteS,Thailand,Signature,5361,1.15,1.11,CSGO
Luken,Argentina,Sharks,6097,1.17,1.11,CSGO
hades,Poland,ENCE,11431,1.2,1.11,CSGO
dexter,Australia,mousesports,22253,1.16,1.11,CSGO
PTC,Thailand,Lucid Dream,12393,1.18,1.11,CSGO
Brehze,United States,Evil Geniuses,28547,1.15,1.11,CSGO
CeRq,Bulgaria,Evil Geniuses,29452,1.19,1.11,CSGO
FpSSS,Russia,GROND,2720,1.19,1.11,CSGO
ZELIN,Portugal,AlienTech,8462,1.15,1.11,CSGO
splashske,Singapore,HZ,18651,1.15,1.11,CSGO
poizon,Bulgaria,Complexity,27621,1.17,1.11,CSGO
jeyN,France,Heretics,3354,1.16,1.11,CSGO
m1tch,Australia,Corvidae,2958,1.14,1.11,CSGO
FREDDyFROG,Sweden,Apeks,31220,1.18,1.11,CSGO
ottoNd,Finland,HAVU,21635,1.19,1.11,CSGO
gxx-,Albania,BLINK,3818,1.2,1.11,CSGO
zorte,Russia,forZe,13789,1.19,1.11,CSGO
havoK,India,NASR,6247,1.14,1.11,CSGO
saveeey,Slovenia,KlikTech,3553,1.13,1.11,CSGO
Nivera,Belgium,Heretics,5130,1.18,1.11,CSGO
crazyguy,Vietnam,Recca,4594,1.13,1.11,CSGO
Infinite,United States,Party Astronauts,17474,1.14,1.11,CSGO
DeathMakeR,India,Entity,2717,1.13,1.11,CSGO
wippie,Russia,"""Ben's Anime Team""",3030,1.19,1.11,CSGO
TenZ,Canada,Bad News Bears,10399,1.12,1.1,CSGO
xeta,Korea,MVP PK,8823,1.16,1.1,CSGO
ekul,Australia,Paradox,11069,1.13,1.1,CSGO
HEN1,Brazil,Immortals,26519,1.22,1.1,CSGO
Olivia,Thailand,Beyond,16189,1.15,1.1,CSGO
zEptonL,Denmark,Singularity,3082,1.12,1.1,CSGO
mertz,Denmark,North Academy,25333,1.16,1.1,CSGO
Izzy,Turkey,9INE,3003,1.17,1.1,CSGO
Nami,United Arab Emirates,NASR,5201,1.14,1.1,CSGO
Vexite,Australia,ORDER,5228,1.12,1.1,CSGO
WARDELL,Canada,Ghost,15901,1.17,1.1,CSGO
swag,United States,Swole Patrol,14447,1.18,1.1,CSGO
mir,Russia,Spirit,24644,1.15,1.1,CSGO
Farlig,Denmark,FunPlus Phoenix,16090,1.16,1.1,CSGO
nawwk,Sweden,GamerLegion,20188,1.18,1.1,CSGO
biguzera,Brazil,paiN,10363,1.16,1.1,CSGO
xccurate,Indonesia,TYLOO,16971,1.15,1.1,CSGO
h4rn,Bulgaria,Fiend,10718,1.19,1.1,CSGO
aliStair,Australia,ORDER,24933,1.17,1.1,CSGO
witz,Philippines,Bren,8746,1.17,1.1,CSGO
electronic,Russia,Natus Vincere,31005,1.14,1.1,CSGO
Zac,Vietnam,Born Of Fire,3264,1.13,1.1,CSGO
dumau,Brazil,GODSENT,8000,1.18,1.1,CSGO
Ax1Le,Russia,Gambit,21427,1.16,1.1,CSGO
mini,Turkey,Royal Bandits,8292,1.11,1.1,CSGO
allu,Finland,ENCE,41986,1.16,1.1,CSGO
moose,Canada,eUnited,19559,1.16,1.1,CSGO
mixwell,Spain,OpTic,21804,1.13,1.09,CSGO
SNk,Kyrgyzstan,Tengri,5918,1.13,1.09,CSGO
Sonic,South Africa,Extra Salt,22274,1.15,1.09,CSGO
syrsoN,Germany,BIG,41316,1.16,1.09,CSGO
mezii,United Kingdom,Endpoint,10332,1.15,1.09,CSGO
oSee,United States,Extra Salt,22946,1.16,1.09,CSGO
KQLY,France,LDLC,6394,1.12,1.09,CSGO
cynic,United States,Triumph,10970,1.15,1.09,CSGO
gas,China,Wings Up,11049,1.09,1.09,CSGO
dispenser,Philippines,Mineski,4793,1.08,1.09,CSGO
dennyslaw,Bulgaria,SKADE,23616,1.14,1.09,CSGO
Remind,Tunisia,Tunisia,2685,1.09,1.09,CSGO
GeT_RiGhT,Sweden,NIP,45005,1.15,1.09,CSGO
JUGi,Denmark,Heroic,24296,1.18,1.09,CSGO
zehN,Finland,GODSENT,27206,1.13,1.09,CSGO
lollipop21k,Belarus,Nemiga,28053,1.12,1.09,CSGO
dgt,Uruguay,9z,7450,1.16,1.09,CSGO
Cooper,United States,Swole Patrol,18904,1.16,1.09,CSGO
Magisk,Denmark,Astralis,33939,1.15,1.09,CSGO
ZOREE,Finland,HAVU,42423,1.16,1.09,CSGO
ryx,United States,Echo Fox,12856,1.14,1.09,CSGO
keeyto,Australia,Paradox,5211,1.13,1.09,CSGO
floppy,United States,Cloud9,17567,1.12,1.09,CSGO
ScreaM,Belgium,Envy,37087,1.13,1.09,CSGO
valde,Denmark,OG,31047,1.13,1.09,CSGO
EliGE,United States,Liquid,38669,1.11,1.09,CSGO
BL1TZ,Australia,Chiefs,18370,1.13,1.09,CSGO
minimal,Argentina,River Plate,3231,1.14,1.09,CSGO
k0nfig,Denmark,Dignitas,37477,1.09,1.09,CSGO
dupreeh,Denmark,Astralis,47667,1.14,1.09,CSGO
Hatz,Australia,Renegades,22188,1.14,1.09,CSGO
NAF,Canada,Liquid,37717,1.15,1.09,CSGO
ritchiEE,Belgium,GORILLAZ,4902,1.13,1.09,CSGO
Machinegun,Mongolia,TheMongolz,10370,1.09,1.09,CSGO
Attacker,China,TYLOO,30177,1.13,1.09,CSGO
tor1towOw,Peru,Infinity,4111,1.11,1.09,CSGO
nex,Germany,BIG,28389,1.13,1.09,CSGO
s4,Ukraine,EC Kyiv,3696,1.15,1.09,CSGO
PALM1,Sweden,TEAM5,4216,1.07,1.09,CSGO
husK,Australia,Control,2954,1.07,1.09,CSGO
fer,Brazil,SK,34798,1.11,1.09,CSGO
Summer,China,TYLOO,30399,1.14,1.08,CSGO
HaZR,Australia,AVANT,16006,1.1,1.08,CSGO
Troubley,Germany,mousesports,6808,1.1,1.08,CSGO
trk,Brazil,TeamOne,18349,1.13,1.08,CSGO
Sayf,Sweden,Singularity,9334,1.11,1.08,CSGO
nukkye,Lithuania,Imperial,15492,1.13,1.08,CSGO
2D,Australia,Ground Zero,3524,1.15,1.08,CSGO
Spinx,Israel,ENCE,7270,1.13,1.08,CSGO
nython,Brazil,Paquetá,9076,1.13,1.08,CSGO
Xeppaa,United States,Chaos,9519,1.11,1.08,CSGO
pz,Australia,VERTEX,7473,1.13,1.08,CSGO
sergej,Finland,ENCE,19266,1.14,1.08,CSGO
exit,Brazil,Sharks,14567,1.16,1.08,CSGO
REOVA,Turkey,RONIN,3775,1.14,1.08,CSGO
potter,United States,CLG Red,2979,1.11,1.08,CSGO
FL1T,Russia,forZe,30232,1.13,1.08,CSGO
PwnAlone,United States,Party Astronauts,17678,1.13,1.08,CSGO
Savage,China,VG.CyberZen,21434,1.14,1.08,CSGO
felps,Brazil,SK,22930,1.09,1.08,CSGO
DJOXiC,Serbia,Binary Dragons,12531,1.15,1.08,CSGO
faveN,Germany,Sprout,31129,1.13,1.08,CSGO
shox,France,Vitality,49128,1.12,1.08,CSGO
keev,Germany,ALTERNATE aTTaX,15524,1.12,1.08,CSGO
Detrony,South Africa,Bravado,10133,1.13,1.08,CSGO
Inseaniac,Canada,GGPR,4508,1.11,1.08,CSGO
Impulse,Serbia,ONYX,17556,1.13,1.08,CSGO
b4rtiN,Brazil,GODSENT,9951,1.13,1.08,CSGO
draken,Sweden,Epsilon,27086,1.14,1.08,CSGO
ShahZaM,United States,Complexity,25252,1.13,1.08,CSGO
ptr,United States,Bad News Bears,29154,1.15,1.08,CSGO
KmZ,United States,OCG,4991,1.07,1.08,CSGO
MICHU,Poland,Virtus.pro,42782,1.1,1.08,CSGO
jayzaR,Sweden,Valiance,13242,1.1,1.08,CSGO
Papichulo,Philippines,Bren,8596,1.11,1.08,CSGO
dycha,Poland,ENCE,17055,1.1,1.08,CSGO
CRUC1AL,Netherlands,Endpoint,34181,1.12,1.08,CSGO
autimatic,United States,Cloud9,29309,1.12,1.08,CSGO
NaToSaphiX,Denmark,Sprout,24733,1.16,1.08,CSGO
hardzao,Brazil,paiN,12274,1.14,1.08,CSGO
meyern,Argentina,Furious,10387,1.1,1.07,CSGO
hallzerk,Norway,Dignitas,16008,1.11,1.07,CSGO
KllyVe,Belgium,Galaxy Racer fe,3828,1.1,1.07,CSGO
latto,Brazil,GODSENT,5440,1.13,1.07,CSGO
flameZ,Israel,OG,8148,1.09,1.07,CSGO
mimi,Denmark,XSET,4029,1.1,1.07,CSGO
Liazz,Australia,EXTREMUM,23699,1.14,1.07,CSGO
jks,Australia,Complexity,29891,1.12,1.07,CSGO
dapr,United States,eUnited,15426,1.1,1.07,CSGO
flomaster,Kazakhstan,zARLANS,3307,1.1,1.07,CSGO
YEKINDAR,Latvia,Virtus.pro,26237,1.07,1.07,CSGO
InfrequeNt,Australia,Athletico,12046,1.12,1.07,CSGO
hAdji,France,LDLC,26535,1.11,1.07,CSGO
NikoM,Argentina,DETONA,11509,1.11,1.07,CSGO
FalleN,Brazil,SK,37421,1.16,1.07,CSGO
ayken,Germany,Demolition Crew,4919,1.09,1.07,CSGO
pancc,Brazil,Sharks,13196,1.09,1.07,CSGO
rain,Canada,Dignitas fe,4817,1.11,1.07,CSGO
cqntrl,Brazil,Keyd,2800,1.1,1.07,CSGO
Brollan,Sweden,fnatic,23244,1.09,1.07,CSGO
joel,Sweden,Galaxy Racer,3784,1.11,1.07,CSGO
smike,Ukraine,"""spray'n'pray""",12461,1.08,1.07,CSGO
nicoodoz,Denmark,Copenhagen Flames,12916,1.14,1.07,CSGO
paz,Turkey,Sangal,27610,1.11,1.07,CSGO
Lucky,Denmark,Tricked,9290,1.13,1.07,CSGO
SideStep,United States,Party Astronauts,2940,1.11,1.07,CSGO
shz,Brazil,MIBR,20098,1.12,1.07,CSGO
fejtZ,Estonia,SMASH,19457,1.1,1.07,CSGO
slaxz-,Germany,Sprout,18334,1.13,1.07,CSGO
EspiranTo,Lithuania,Imperial,22439,1.09,1.07,CSGO
di^,United States,CLG Red,4495,1.12,1.07,CSGO
anarkez,Israel,Secret,12627,1.11,1.07,CSGO
NikkeZ,Australia,Ground Zero,9711,1.09,1.07,CSGO
n1ssim,Brazil,Case,3161,1.11,1.07,CSGO
xand,Brazil,INTZ,13210,1.1,1.07,CSGO
Rickeh,Australia,ORDER,22524,1.14,1.07,CSGO
somebody,China,TYLOO,31454,1.1,1.07,CSGO
QKA,China,5POWER,10332,1.1,1.07,CSGO
downie,Sweden,Torpedo,8286,1.13,1.07,CSGO
blackpoisoN,South Africa,ATK,7528,1.09,1.07,CSGO
Krimbo,Germany,ALTERNATE aTTaX,5022,1.11,1.07,CSGO
CLASIA,United States,RBG,4765,1.1,1.07,CSGO
WorldEdit,Russia,FlipSid3,34716,1.11,1.07,CSGO
Hobbit,Kazakhstan,Gambit,27440,1.11,1.07,CSGO
boltz,Brazil,Immortals,30851,1.12,1.07,CSGO
shroud,Canada,Cloud9,17460,1.12,1.07,CSGO
agM,United States,Excelerate,3428,1.09,1.07,CSGO
Pimp,Denmark,Dignitas,25052,1.13,1.07,CSGO
iDISBALANCE,Russia,Nemiga,18316,1.14,1.07,CSGO
Ryxxo,Denmark,Tricked,19178,1.12,1.07,CSGO
Konvict,South Africa,Aperture,2619,1.11,1.07,CSGO
DD,China,TYLOO,23543,1.1,1.07,CSGO
Jinx,Korea,GOSU,5038,1.09,1.07,CSGO
bLitz,Mongolia,Checkmate,2858,1.06,1.06,CSGO
zhokiNg,China,ViCi,30044,1.07,1.06,CSGO
vilga,Russia,Secret fe,5573,1.09,1.06,CSGO
fame,Russia,K23,8454,1.09,1.06,CSGO
JOTA,Brazil,Bravos,6581,1.11,1.06,CSGO
Grim,United States,Liquid,19877,1.07,1.06,CSGO
iGm,Romania,Nexus,3923,1.06,1.06,CSGO
JeXeN,China,ViCi,3111,1.1,1.06,CSGO
Keiti,United States,Mythic,5452,1.06,1.06,CSGO
leaf,United States,Chaos,6523,1.08,1.06,CSGO
V4D1M,Russia,Invictus,8236,1.11,1.06,CSGO
flexeeee,South Africa,Energy,4333,1.09,1.06,CSGO
DaZeD,United States,iBUYPOWER,4518,1.1,1.06,CSGO
Valiance,Australia,ORDER,13346,1.1,1.06,CSGO
acoR,Denmark,mousesports,26597,1.12,1.06,CSGO
ofnu,New Zealand,Tainted Minds,21778,1.1,1.06,CSGO
SHiPZ,Bulgaria,SKADE,36918,1.07,1.06,CSGO
AnJ,Denmark,NRG,10503,1.11,1.06,CSGO
j9,Thailand,Signature,2879,1.05,1.06,CSGO
Ethan,United States,NRG,25998,1.09,1.06,CSGO
tucks,Australia,Chiefs,17415,1.11,1.06,CSGO
juliano,Sweden,Secret fe,6104,1.09,1.06,CSGO
Roflko,Australia,VERTEX,5531,1.07,1.06,CSGO
sausol,Spain,MAD Lions,3942,1.09,1.06,CSGO
frei,United Kingdom,Epsilon,6660,1.09,1.06,CSGO
TeSeS,Denmark,Heroic,18582,1.08,1.06,CSGO
olofmeister,Sweden,FaZe,39348,1.11,1.06,CSGO
Happy,France,Envy,37933,1.11,1.06,CSGO
Ant1ka,Russia,Secret fe,3135,1.12,1.06,CSGO
4pack,United States,Rebirth,5904,1.06,1.06,CSGO
Derkeps,Finland,KOVA,2948,1.04,1.06,CSGO
XotiC,United States,ChocoCheck,7032,1.1,1.06,CSGO
L!nKz^,Chile,Isurus,5606,1.11,1.06,CSGO
AE,China,EMP,7813,1.05,1.06,CSGO
snatchie,Poland,AGO,36521,1.08,1.06,CSGO
koosta,United States,CLG,25077,1.08,1.06,CSGO
COLDYY1,Ukraine,Spirit,24917,1.11,1.06,CSGO
Maka,France,LDLC,27999,1.1,1.06,CSGO
JohnOlsen,Thailand,Lucid Dream,5353,1.07,1.06,CSGO
sdy,Ukraine,Spirit,25057,1.12,1.06,CSGO
nexa,Serbia,G2,30476,1.11,1.06,CSGO
scoobyxie,Ukraine,HellRaisers,6341,1.1,1.06,CSGO
Skadoodle,United States,Cloud9,27129,1.15,1.06,CSGO
flying,China,Invictus,10075,1.07,1.06,CSGO
chawzyyy,Sweden,Galaxy Racer,4988,1.09,1.06,CSGO
jL,Lithuania,MAD Lions,3505,1.08,1.06,CSGO
suNny,Finland,ENCE,33373,1.07,1.06,CSGO
B1T,Ukraine,Natus Vincere,8406,1.1,1.06,CSGO
TOR,Thailand,Signature,11472,1.09,1.06,CSGO
opportunity,United States,Fam143,3464,1.05,1.06,CSGO
chelo,Brazil,MIBR,20340,1.08,1.06,CSGO
Gratisfaction,New Zealand,EXTREMUM,22943,1.12,1.06,CSGO
refrezh,Denmark,Fragsters,22613,1.09,1.06,CSGO
SLOWLY,China,TYLOO,12031,1.07,1.06,CSGO
Rainwaker,Bulgaria,SKADE,22503,1.1,1.05,CSGO
Ace,India,Entity,3350,1.09,1.05,CSGO
crashies,United States,Riot Squad,8723,1.08,1.05,CSGO
imoRR,Turkey,Sangal,10444,1.03,1.05,CSGO
smooth_criminal22,Australia,madlikewizards,7396,1.06,1.05,CSGO
Zilkenberg,Mongolia,TheMongolz,8172,1.09,1.05,CSGO
KEi,Poland,AVEZ,14445,1.05,1.05,CSGO
Qikert,Kazakhstan,Virtus.pro,30242,1.1,1.05,CSGO
tabseN,Germany,BIG,46826,1.05,1.05,CSGO
lan,China,Wings Up,6748,1.07,1.05,CSGO
rallen,Poland,AGO,44052,1.1,1.05,CSGO
ISSAA,Jordan,HellRaisers,21606,1.09,1.05,CSGO
atter,Sweden,Torpedo,6228,1.06,1.05,CSGO
SaVage,Australia,Dire Wolves,3057,1.13,1.05,CSGO
remix,Brazil,Havan Liberty,7092,1.08,1.05,CSGO
flaw,Australia,Jade,3488,1.06,1.05,CSGO
Aerial,Finland,HAVU,22612,1.08,1.05,CSGO
EMUHLEET,United States,Dignitas fe,4405,1.13,1.05,CSGO
KRIMZ,Sweden,fnatic,43731,1.11,1.05,CSGO
cajunb,Denmark,North,44055,1.1,1.05,CSGO
REDSTAR,Bulgaria,Fiend,13423,1.11,1.05,CSGO
kanii,South Africa,DNMK,4436,1.07,1.05,CSGO
roeJ,Denmark,Copenhagen Flames,17091,1.07,1.05,CSGO
Marcelious,Norway,777,10692,1.08,1.05,CSGO
nin9,Mongolia,Renewal,8269,1.1,1.05,CSGO
twist,Sweden,GODSENT,39962,1.08,1.05,CSGO
bottle,China,Invictus,19492,1.06,1.05,CSGO
penny,Canada,Triumph,6019,1.05,1.05,CSGO
mou,Kazakhstan,K23,38924,1.1,1.05,CSGO
juanflatroo,Albania,BLINK,9963,1.04,1.05,CSGO
Ramz1kBO$$,Kazakhstan,Tengri,11070,1.07,1.05,CSGO
lainNy,Latvia,Smoke Criminals,2881,1.05,1.05,CSGO
HZ,China,TYLOO,12856,1.08,1.05,CSGO
Westmelon,China,Lynn Vision,5497,1.05,1.05,CSGO
Daveys,Colombia,Infinity,6672,1.09,1.05,CSGO
KHTEX,Brazil,Paquetá,14745,1.1,1.05,CSGO
Mr.six,China,New4,6220,1.04,1.05,CSGO
Maden,Montenegro,FunPlus Phoenix,14174,1.05,1.05,CSGO
DavCost,Russia,Spirit,29193,1.09,1.05,CSGO
Gospadarov,Russia,NAVI Junior,8323,1.11,1.05,CSGO
flusha,Sweden,fnatic,46987,1.09,1.05,CSGO
Temperature,United States,The Fundamentals,3034,1.05,1.05,CSGO
Domsterr,South Africa,ATK,6833,1.1,1.05,CSGO
Blastinho,Spain,k1ck,3197,1.08,1.05,CSGO
JW,Sweden,fnatic,49346,1.07,1.05,CSGO
motm,United States,ATK,19337,1.07,1.05,CSGO
Sys,Indonesia,Recca,8237,1.08,1.05,CSGO
yay,United States,Complexity,17182,1.05,1.05,CSGO
cadiaN,Denmark,Heroic,35365,1.11,1.05,CSGO
3ARK00Z,Jordan,Triumph,4387,1.05,1.05,CSGO
Swahn,United States,iNTACT,6516,1.09,1.05,CSGO
Annihilation,Mongolia,D13,4928,1.1,1.05,CSGO
jtr,New Zealand,Dynasty,3784,1.06,1.05,CSGO
SicK,United States,Rogue,20701,1.07,1.05,CSGO
NEEX,Poland,Izako Boars,11195,1.08,1.05,CSGO
zeph,Australia,ORDER,13136,1.05,1.05,CSGO
broky,Latvia,FaZe,14550,1.11,1.05,CSGO
NyX,Croatia,Locastic,3273,1.03,1.05,CSGO
malbsMd,Guatemala,TeamOne,9879,1.03,1.05,CSGO
VAATI,Peru,Jaguar,3176,1.08,1.05,CSGO
loWel,Spain,Movistar Riders,26413,1.1,1.05,CSGO
Flarich,Latvia,HellRaisers,28161,1.1,1.05,CSGO
reiko,Poland,HONORIS,6452,1.02,1.05,CSGO
Sobol,Poland,PACT,16769,1.07,1.05,CSGO
k1tkat,United Arab Emirates,NASR,6302,1.05,1.05,CSGO
kajsk1ng,Netherlands,LowLandLions,3988,1.03,1.05,CSGO
zemp,Australia,Ground Zero,4640,1.04,1.05,CSGO
Zellsis,United States,Swole Patrol,16210,1.07,1.05,CSGO
kabal,Mongolia,5POWER,18733,1.08,1.05,CSGO
BRUNO,Peru,Jaguar,3325,1.02,1.05,CSGO
SandeN,Denmark,SK,8560,1.06,1.05,CSGO
jackhan,China,New4,7075,1.06,1.05,CSGO
FiReMaNNN,Chile,Andes,3703,1.05,1.05,CSGO
christo,Argentina,Durany,3747,1.06,1.05,CSGO
rommi,Russia,Spirit Academy,13467,1.06,1.05,CSGO
PANIX,Germany,ALTERNATE aTTaX,5188,1.07,1.05,CSGO
nqz,Brazil,DETONA,3046,1.1,1.05,CSGO
buster,Kazakhstan,Virtus.pro,30386,1.11,1.04,CSGO
aumaN,China,ViCi,21616,1.08,1.04,CSGO
raafa,Brazil,W7M,15881,1.1,1.04,CSGO
STOMP,Poland,Izako Boars,20635,1.1,1.04,CSGO
MarKE,Mexico,Extra Salt,20430,1.08,1.04,CSGO
n0rb3r7,Russia,K23,23264,1.04,1.04,CSGO
Kjaerbye,Denmark,North,39947,1.08,1.04,CSGO
Lucky,France,DBL PONEY,26323,1.09,1.04,CSGO
fnx,Brazil,Luminosity,15482,1.08,1.04,CSGO
malta,Australia,Renegades,23211,1.09,1.04,CSGO
Aunkere,Russia,NAVI Junior,7533,1.05,1.04,CSGO
stavn,Denmark,Heroic,26338,1.06,1.04,CSGO
DubsteP,Philippines,Mineski,4824,1.07,1.04,CSGO
smiley,Kazakhstan,100PG,8122,1.09,1.04,CSGO
mawth,Brazil,WePlayGames,5774,1.06,1.04,CSGO
iM,Romania,GamerLegion,14978,1.04,1.04,CSGO
oliff,Australia,FURY,3121,1.05,1.04,CSGO
PureR,United States,Thunder Logic,4471,1.03,1.04,CSGO
Geniuss,Thailand,Signature,10099,1.05,1.04,CSGO
zewsy,New Zealand,Tainted Minds,15666,1.06,1.04,CSGO
Reality,Thailand,Signature,9318,1.08,1.04,CSGO
Chuti,Mexico,QuetzaL,3524,1.04,1.04,CSGO
Bubzkji,Denmark,Tricked,21077,1.07,1.04,CSGO
kobruh,United States,Recon 5,6319,1.05,1.04,CSGO
Bwills,United States,Triumph,14711,1.06,1.04,CSGO
sjuush,Denmark,Heroic,18199,1.08,1.04,CSGO
Snakes,United States,Spacestation,10328,1.07,1.04,CSGO
Hiko,United States,Liquid,24398,1.1,1.04,CSGO
Kntz,Thailand,Alpha Red,12011,1.08,1.04,CSGO
takbok,South Africa,Big 5,3700,1.1,1.04,CSGO
deStiny,Australia,Ground Zero,6778,1.02,1.04,CSGO
Snax,Poland,Virtus.pro,53382,1.08,1.04,CSGO
shadow,Sweden,Rogue Academy,5204,1.09,1.04,CSGO
buue,Israel,Smoke Criminals,4015,1.06,1.04,CSGO
HSK,Korea,MVP PK,13851,1.1,1.04,CSGO
KAB0M,Sweden,DenDD,6154,1.08,1.04,CSGO
IyeN,Australia,Corvidae,9102,1.04,1.04,CSGO
desh,Brazil,Jaguares,2862,1.06,1.04,CSGO
oBo,United States,Evil Geniuses,9084,1.06,1.04,CSGO
rigoN,Switzerland,c0ntact,4825,1.01,1.04,CSGO
sam_A,Colombia,Vault,6314,1.06,1.04,CSGO
eraa,Sweden,GamerLegion,9384,1.06,1.04,CSGO
L0NER,United States,Big Frames,4235,1.06,1.04,CSGO
Delpan,Sweden,Lemondogs,3996,1.05,1.04,CSGO
ANDROID,Canada,Complexity,21741,1.07,1.04,CSGO
DiMKE,Serbia,ONYX,13913,1.06,1.04,CSGO
LOVEYY,China,Flash,17977,1.06,1.04,CSGO
JUST,Portugal,SAW,18088,1.06,1.04,CSGO
stax,Korea,MVP PK,6188,1.08,1.04,CSGO
dEE,Serbia,4glory,10335,1.07,1.04,CSGO
Dodz,Estonia,WASD,4055,1.04,1.04,CSGO
COLON,Denmark,Playing Ducks,3318,1.04,1.04,CSGO
JonY BoY,Argentina,Furious,10643,1.06,1.04,CSGO
points,Colombia,Infinity,3999,1.05,1.04,CSGO
land1n,Brazil,paiN,19045,1.1,1.04,CSGO
PLAYER1,Canada,FRENCH CANADIANS,3886,1.06,1.04,CSGO
dobu,Mongolia,5POWER,18826,1.05,1.04,CSGO
4sh0t,United States,Freedom 35,3742,1.08,1.03,CSGO
tconnors,United States,Third Impact,5080,1.07,1.03,CSGO
Davidp,Belgium,3DMAX,20539,1.08,1.03,CSGO
tb,China,VG.CyberZen,15737,1.07,1.03,CSGO
emilio,Sweden,dreamchasers,3887,1.05,1.03,CSGO
tarik,United States,CLG,37112,1.05,1.03,CSGO
Zyphon,Denmark,Copenhagen Flames,4874,1.06,1.03,CSGO
jkaem,Norway,Renegades,30745,1.04,1.03,CSGO
Relaxa,Sweden,Apeks,31162,1.11,1.03,CSGO
rAge,Ukraine,Hard Legion,10128,1.11,1.03,CSGO
shushan,Israel,Aequus,2916,1.06,1.03,CSGO
afro,France,DBL PONEY,9422,1.07,1.03,CSGO
juho,Finland,ENCE,19740,1.02,1.03,CSGO
waffe,Australia,Funky Monkeys,5440,1.05,1.03,CSGO
Patsi,Russia,Spirit Academy,10936,1.04,1.03,CSGO
kressy,Germany,Sprout,27972,1.07,1.03,CSGO
Plopski,Sweden,NIP,22976,1.06,1.03,CSGO
captainMo,China,TYLOO,20665,1.05,1.03,CSGO
NK4Y,Bulgaria,Outlaws,12325,1.05,1.03,CSGO
Excali,India,Entity,3439,1.06,1.03,CSGO
sLowi,Finland,HAVU,27708,1.05,1.03,CSGO
Blytz,Romania,Nexus,4245,1.03,1.03,CSGO
WolfY,United States,Lyngby Vikings,8491,1.08,1.03,CSGO
Subroza,Canada,Ghost,16275,1.03,1.03,CSGO
dipparn,Sweden,Manatee,5044,1.06,1.03,CSGO
Szejn,Poland,mouz NXT,10427,1.03,1.03,CSGO
zedzke,Australia,AVANT,3443,1.05,1.03,CSGO
LEEROY,Chile,Rejected,6585,1.03,1.03,CSGO
DaY,Norway,Temp.no,2909,1.05,1.03,CSGO
Maluk3,Brazil,TeamOne,22846,1.08,1.03,CSGO
USTILO,Australia,ORDER,26203,1.04,1.03,CSGO
HECTOz,Denmark,Tricked,9307,1.05,1.03,CSGO
Xyp9x,Denmark,Astralis,46938,1.09,1.03,CSGO
LoWkii,France,Limitless,2991,1.04,1.03,CSGO
phzy,Sweden,Young Ninjas,8011,1.09,1.03,CSGO
flamie,Russia,Natus Vincere,39559,1.06,1.03,CSGO
yam,Australia,Renegades,14003,1.07,1.03,CSGO
AiyvaN,Ukraine,pro100,18003,1.05,1.03,CSGO
c0llins,Serbia,4glory,4917,1.04,1.03,CSGO
snedker,Denmark,Tricked,7016,1.08,1.03,CSGO
sperr,Estonia,WASD,5114,1.04,1.03,CSGO
KalubeR,Bulgaria,SKADE,5772,1.05,1.03,CSGO
alex,Spain,Movistar Riders,30223,1.06,1.03,CSGO
Krad,Russia,Entropiq,24324,1.04,1.03,CSGO
rain,Norway,FaZe,38773,1.03,1.03,CSGO
znajder,Sweden,GODSENT,27577,1.06,1.03,CSGO
RIKO,United States,Monstars,10376,1.02,1.03,CSGO
DEV7L,Czech Republic,eXtatus,14256,1.06,1.03,CSGO
Dirty,United States,Taboo,5589,1.04,1.03,CSGO
REZ,Sweden,NIP,31447,1.05,1.03,CSGO
fl0m,United States,Mythic,15822,1.06,1.03,CSGO
kise,Russia,SG.pro,4946,1.07,1.03,CSGO
Missa,France,Besiktas,2738,1.07,1.03,CSGO
Franke19,China,ViCi,4384,1.03,1.03,CSGO
BORKUM,Philippines,TNC,5904,1.04,1.03,CSGO
Ayrez,Australia,Conspiracy,2948,0.99,1.03,CSGO
moxie,Singapore,BOOT-d[S],8190,1.09,1.03,CSGO
massacRe,South Africa,Goliath,2986,1.05,1.03,CSGO
niko,Denmark,Heroic,30315,1.06,1.03,CSGO
Patitek,Poland,Izako Boars,9918,1.03,1.03,CSGO
versa,Australia,Paradox,6556,1.05,1.03,CSGO
Boaster,United Kingdom,exceL,3865,1.05,1.03,CSGO
stfN,Germany,ALTERNATE aTTaX,33754,1.06,1.03,CSGO
kolor,Hungary,GameAgents,14071,1.04,1.03,CSGO
ap0c,Australia,AVANT,20225,1.04,1.03,CSGO
ADDICT,New Zealand,VERTEX,4587,1.06,1.03,CSGO
tensai,Australia,VERTEX,4857,1.01,1.03,CSGO
Andyy,Germany,expert,6715,1.08,1.03,CSGO
rochet,Chile,Rejected,5167,1.04,1.03,CSGO
es3tag,Denmark,Heroic,30935,1.05,1.03,CSGO
dennis,Sweden,Apeks,41068,1.04,1.03,CSGO
shuadapai,China,5POWER,14214,1.05,1.03,CSGO
aizy,Denmark,North,41047,1.04,1.03,CSGO
khobra,Sweden,AliGon,4102,1.04,1.03,CSGO
FrostMisty,Indonesia,Recca,9498,1.07,1.03,CSGO
Thomas,United Kingdom,Endpoint,21882,1.05,1.03,CSGO
KENSI,Russia,forZe,8102,1.08,1.03,CSGO
Markoś,Poland,Wisla Krakow,15848,1.08,1.03,CSGO
food,United States,eUnited,11711,1.05,1.03,CSGO
mouz,Poland,Kinguin,42632,1.07,1.03,CSGO
DannyG,Australia,Rooster,7874,1.04,1.03,CSGO
kaiG,Brazil,Bravos,12275,1.05,1.03,CSGO
Niffy,Thailand,Maple,8451,1.05,1.03,CSGO
junior,United States,Triumph,7818,1.1,1.03,CSGO
laser,Kazakhstan,Boca Juniors,2800,1.03,1.02,CSGO
pashaBiceps,Poland,Virtus.pro,41228,1.04,1.02,CSGO
mindfreak,Indonesia,BOOM,3271,1.03,1.02,CSGO
hoody,Finland,HAVU,15453,1.04,1.02,CSGO
fdeN,United States,ETHEREAL,2741,1.06,1.02,CSGO
bondik,Ukraine,HellRaisers,37328,1.06,1.02,CSGO
CyberFocus,Belarus,Nemiga,12779,1.04,1.02,CSGO
LyGHT,Germany,expert,5921,1.03,1.02,CSGO
iDk,Brazil,Paquetá,20600,1.04,1.02,CSGO
NIO,Slovakia,eSuba,3467,1.07,1.02,CSGO
v1c7oR,Bulgaria,Fiend,46172,1.04,1.02,CSGO
F1KU,Poland,AGO,12140,1.03,1.02,CSGO
apEX,France,Vitality,48128,1.03,1.02,CSGO
AmaNEk,France,G2,25859,1.07,1.02,CSGO
LuL4,Brazil,paiN,2798,1.02,1.02,CSGO
NBK-,France,Envy,52921,1.04,1.02,CSGO
Proxure,Chile,Andes,3985,1.01,1.02,CSGO
HS,Estonia,Nordavind,27632,1.02,1.02,CSGO
RMN,Brazil,W7M,8243,1.03,1.02,CSGO
max,Uruguay,9z,11037,1.05,1.02,CSGO
shalfey,Russia,Unique,4663,1.06,1.02,CSGO
dukeN,Brazil,Yeah,5588,1.03,1.02,CSGO
stadodo,Portugal,SAW,15455,1.06,1.02,CSGO
Kylar,Poland,Anonymo,13521,1.04,1.02,CSGO
NENO,Macedonia,Binary Dragons,16084,1.06,1.02,CSGO
DeStiNy,Brazil,Paquetá,24447,1.03,1.02,CSGO
disco doplan,Sweden,Galaxy Racer,31788,1.05,1.02,CSGO
RCF,Brazil,Sharks,15787,1.04,1.02,CSGO
dragonfly,Denmark,Fragsters,13234,1.06,1.02,CSGO
prd,Brazil,CNB,4195,1.05,1.02,CSGO
Zero,Slovakia,GamerLegion,22899,1.07,1.02,CSGO
Derek,Philippines,Bren,5688,1.04,1.02,CSGO
jdm64,United States,Liquid,21321,1.06,1.02,CSGO
MaLLby,Brazil,Santos,4177,1.04,1.02,CSGO
Lack1,Kazakhstan,Entropiq,17821,1.03,1.02,CSGO
MonttY,Slovakia,eXtatus,13451,1.04,1.02,CSGO
Polt,Russia,1WIN,10414,1.06,1.02,CSGO
FANAT ROCKA,Russia,Unique,12150,1.06,1.02,CSGO
Nico,Denmark,Dignitas,10074,1.09,1.02,CSGO
peri,Korea,MVP PK,2702,1.06,1.02,CSGO
moojuice,Australia,Ground Zero,3294,1.04,1.02,CSGO
peqexino,Argentina,Meta,3018,1.07,1.02,CSGO
qqGOD,Thailand,Signature,15180,1.03,1.02,CSGO
queztone,Slovakia,eXtatus,17614,1.02,1.02,CSGO
MoeycQ,Australia,Immunity,15920,1.04,1.02,CSGO
yel,Brazil,MIBR,23734,1.07,1.02,CSGO
STOVVE,Finland,NYYRIKKI,4093,1.02,1.02,CSGO
cxzi,United States,Triumph,6988,1.01,1.02,CSGO
Spongey,United States,Bad News Bears,15901,1.08,1.02,CSGO
Fearoth,France,Smoke Criminals,4867,1.05,1.02,CSGO
nero,United States,AA,4283,1.02,1.02,CSGO
Svedjehed,Sweden,Lilmix,8099,1.04,1.02,CSGO
fleav,Hungary,Budapest Five,13423,1.02,1.02,CSGO
1962,Argentina,Isurus,13220,1.01,1.02,CSGO
Forester,Russia,Entropiq,25359,1.04,1.02,CSGO
TENZKI,Denmark,Nordavind,38637,1.05,1.02,CSGO
Dallas,Canada,RONIN,4849,1.02,1.02,CSGO
spaze,Russia,PiTER,14068,1.01,1.02,CSGO
jR,Ukraine,Vega Squadron,22333,1.05,1.02,CSGO
tabz,Sweden,Galaxy Racer,8191,1.04,1.02,CSGO
Monster,China,CyberZen,5329,1.04,1.02,CSGO
b0RUP,Denmark,Tricked,32581,1.02,1.02,CSGO
Ace,United States,Rise Nation,11866,1.08,1.02,CSGO
Spargo,Finland,KOVA,8238,1.03,1.02,CSGO
Lekr0,Sweden,Dignitas,30537,1.04,1.02,CSGO
Blogg1s,Czech Republic,eSuba,3211,1.02,1.02,CSGO
dimasick,Kazakhstan,AVANGAR,15322,1.04,1.02,CSGO
Jyo,Estonia,Nemiga,26785,1.05,1.02,CSGO
fox,Portugal,Giants,27373,1.03,1.02,CSGO
ROBO,Belarus,Nemiga,17746,1.05,1.02,CSGO
steel,Canada,Chaos,16290,1.02,1.02,CSGO
FaNg,Canada,Extra Salt,11422,1.03,1.02,CSGO
xfl0ud,Turkey,9INE,3233,1.02,1.02,CSGO
fr0slev,Denmark,AGF,15734,1.04,1.02,CSGO
LETN1,Serbia,Valiance,28880,1.06,1.02,CSGO
pava,Brazil,TeamOne,4364,1.05,1.02,CSGO
mar,Bulgaria,FATE,15597,1.03,1.02,CSGO
JDC,Germany,mouz NXT,8568,1.02,1.02,CSGO
Luzuh,United Kingdom,Endpoint,7752,1.05,1.02,CSGO
EasTor,Spain,Movistar Riders,11506,1.05,1.02,CSGO
n0thing,United States,Cloud9,21021,1.03,1.02,CSGO
Rackem,Australia,Dynasty,3715,1.02,1.02,CSGO
SELLTER,Russia,Unique,2759,1.03,1.02,CSGO
ztk,Norway,Nordavind,4479,1.04,1.02,CSGO
SKYTTEN,Sweden,Orbit,10157,1.05,1.02,CSGO
Mystic,Norway,London Conspiracy,5447,0.99,1.02,CSGO
roseau,Indonesia,Recca,10376,1.02,1.02,CSGO
nephh,Singapore,HZ,4672,1.0,1.02,CSGO
cardiac,Canada,CLG Academy,4035,1.05,1.02,CSGO
roca,United States,Splyce,17324,1.02,1.02,CSGO
TONI,Germany,KILLERFISH,2918,1.01,1.02,CSGO
bld,Brazil,Yeah,8579,1.02,1.02,CSGO
spaz,Belarus,Empire,6612,1.02,1.02,CSGO
Koshak,Russia,Invictus,7655,1.02,1.02,CSGO
ayaya,China,Eclipse,11276,1.02,1.02,CSGO
Swisher,United States,Bad News Bears,10164,1.02,1.02,CSGO
c4Lypso,Canada,LiViD,3271,1.01,1.02,CSGO
arT,Brazil,FURIA,22981,1.02,1.02,CSGO
chrisJ,Netherlands,mousesports,45322,1.04,1.02,CSGO
flickz,Australia,Chiefs,11606,1.05,1.02,CSGO
dangle,United States,Hysteria,3494,1.02,1.01,CSGO
leo_drk,Brazil,Sharks,13022,1.02,1.01,CSGO
hampus,Sweden,NIP,32463,1.01,1.01,CSGO
aproto,United States,CLG Academy,10053,1.01,1.01,CSGO
Stewie2K,United States,Liquid,36892,1.02,1.01,CSGO
spyleadeR,Bulgaria,E-frag.net,23002,1.01,1.01,CSGO
bedonka,Australia,Paradox,9815,1.02,1.01,CSGO
ChildKing,China,Wings Up,3072,1.02,1.01,CSGO
darti,Sweden,Torpedo,7931,1.03,1.01,CSGO
NOPEEJ,Portugal,OFFSET,7817,1.05,1.01,CSGO
Tuurtle,Brazil,Bravos,14708,1.02,1.01,CSGO
Voltage,United States,The Quest,10848,1.08,1.01,CSGO
Goofy,Poland,Wisla Krakow,24750,1.01,1.01,CSGO
Crityourface,Poland,PACT,5968,1.04,1.01,CSGO
FASHR,Netherlands,Lyngby Vikings,12007,1.01,1.01,CSGO
vhz,Brazil,Bulldozer,4259,1.02,1.01,CSGO
deco,Argentina,Isurus,7092,1.03,1.01,CSGO
byali,Poland,Virtus.pro,47209,1.04,1.01,CSGO
jedqr,Poland,Wisla Krakow,16923,1.04,1.01,CSGO
Nille,Denmark,Anexis,4369,1.04,1.01,CSGO
MRN1,Argentina,River Plate,3896,0.99,1.01,CSGO
SHOCK,Czech Republic,Sinners,12562,1.04,1.01,CSGO
rAW,Latvia,Wolsung,2618,1.01,1.01,CSGO
KStaar,Australia,Conspiracy,4207,1.07,1.01,CSGO
desi,United States,Winterfox,10986,1.01,1.01,CSGO
333ed2k,China,Born Of Fire,5012,1.01,1.01,CSGO
reatz,Poland,PRIDE,37757,1.03,1.01,CSGO
NOFEAR,Hungary,Rock,3432,1.03,1.01,CSGO
Nodios,Denmark,Copenhagen Flames,17405,1.04,1.01,CSGO
HUGHMUNGUS,Australia,Chiefs,18584,1.04,1.01,CSGO
Tio,Chile,Hafnet,6076,1.06,1.01,CSGO
GruBy,Poland,AGO,41368,1.02,1.01,CSGO
just9n,United States,Method,6213,1.02,1.01,CSGO
kreaz,Sweden,Apeks,13263,1.04,1.01,CSGO
Maikelele,Sweden,NoChance,28134,1.05,1.01,CSGO
mitch,United States,Selfless,20719,1.05,1.01,CSGO
tiburci0,Brazil,DETONA,9487,1.07,1.01,CSGO
oKKo,Czech Republic,eSuba,3118,1.0,1.01,CSGO
HackeM,South Africa,Sinister5,2733,1.05,1.01,CSGO
mirbit,Germany,ALTERNATE aTTaX,22933,1.07,1.01,CSGO
xCeeD,United States,The Quest,8089,1.02,1.01,CSGO
rilax,Netherlands,Lyngby Vikings,7713,1.03,1.01,CSGO
Noobster,Australia,Ground Zero,12790,1.02,1.01,CSGO
notaN,Denmark,Singularity,6456,1.02,1.01,CSGO
tatazin,Brazil,paiN,19147,1.08,1.01,CSGO
gump,Australia,Chiefs,4134,1.04,1.01,CSGO
battery,Canada,Swedish Canadians,2846,1.03,1.01,CSGO
stonde,Finland,ENCE,5665,1.06,1.01,CSGO
Lucaozy,Brazil,Sharks,8176,1.04,1.01,CSGO
PlesseN,Sweden,Galaxy Racer,29117,1.01,1.01,CSGO
Viva,China,Invictus,15407,1.05,1.01,CSGO
TRAVIS,Russia,1WIN,7917,1.02,1.01,CSGO
bubble,Bulgaria,Windigo,50230,1.05,1.01,CSGO
ckay,Denmark,Ambush,2724,1.01,1.01,CSGO
delboNi,Brazil,Imperial,11520,1.03,1.01,CSGO
byr9,Ukraine,EC Kyiv,3651,1.01,1.01,CSGO
tweiss,United States,Recon 5,8583,1.0,1.01,CSGO
pan1K,Australia,Ground Zero,8476,1.01,1.01,CSGO
cENTRYZ,Norway,Temp.no,4221,1.05,1.01,CSGO
MAKKA,United States,RONIN,6369,1.03,1.01,CSGO
Butters,Lithuania,GameplayDNA,6193,1.01,1.01,CSGO
sutecas,Brazil,INTZ,3068,1.02,1.01,CSGO
nJ,Romania,Nexus,3372,1.01,1.01,CSGO
Friis,Denmark,SK,24254,1.05,1.01,CSGO
dazzLe,United States,eUnited,17971,1.0,1.01,CSGO
MINISE,Poland,PACT,47820,1.02,1.01,CSGO
Spitfire,Sweden,Acer,5599,1.02,1.01,CSGO
Tsogoo,Mongolia,Mazaalai,11694,1.02,1.01,CSGO
rate,Mongolia,Renewal,6311,1.02,1.01,CSGO
kalinka,Lithuania,HellRaisers,22891,1.01,1.01,CSGO
obj,Portugal,eXploit,9916,1.06,1.01,CSGO
Jinxx,Australia,Genuine,10511,1.04,1.01,CSGO
hiji,Russia,WINside,3735,1.03,1.01,CSGO
to1nou,Belgium,LDLC,22377,1.04,1.01,CSGO
Kas9k,Russia,DreamEaters,3670,1.04,1.01,CSGO
DickStacy,Australia,Grayhound,15708,1.03,1.01,CSGO
innocent,Poland,Anonymo,42011,1.02,1.01,CSGO
rtA,Denmark,Fragsters,5793,1.04,1.01,CSGO
kioShiMa,France,Envy,39222,1.05,1.01,CSGO
DESPE,Turkey,Space Soldiers,12127,1.04,1.01,CSGO
kamil,Poland,PRIDE,5987,0.98,1.01,CSGO
j3kie,Ukraine,Akuma,2983,1.0,1.01,CSGO
speed4k,Russia,DreamEaters,20555,1.04,1.01,CSGO
grux,Sweden,Red Reserve,9303,1.02,1.01,CSGO
HexT,Canada,RBG,6899,1.01,1.01,CSGO
FugLy,United States,NRG,28153,1.03,1.01,CSGO
emagine,Australia,ORDER,18931,1.04,1.01,CSGO
813,China,Aster,3937,1.0,1.01,CSGO
Nifty,United States,Renegades,22686,1.02,1.01,CSGO
RaZ,New Zealand,Animal Squad,8686,1.02,1.01,CSGO
SZPERO,Poland,Wisla Krakow,49189,1.03,1.01,CSGO
shokz,Estonia,Movistar Riders,10972,1.02,1.01,CSGO
DeathZz,Spain,Movistar Riders,9627,1.02,1.01,CSGO
Stevie,China,5POWER,4111,1.0,1.01,CSGO
nitr0,United States,Liquid,34476,1.03,1.0,CSGO
SasuKe,Turkey,DarkPassage,8227,0.99,1.0,CSGO
weber,United Kingdom,FMESPORTS,6254,1.03,1.0,CSGO
LeoGOD,Brazil,C4,6383,1.02,1.0,CSGO
Ayeon,China,Flash,3218,1.0,1.0,CSGO
Pechyn,Czech Republic,eSuba,3307,1.01,1.0,CSGO
Doom,Australia,PC419,3845,0.98,1.0,CSGO
pounh,Lithuania,Playing Ducks,10552,1.01,1.0,CSGO
mikeS,Netherlands,PENTA,8077,1.04,1.0,CSGO
adrnking,Indonesia,BTRG,2898,1.02,1.0,CSGO
zqkS,Brazil,Imperial,17600,1.06,1.0,CSGO
JonahP,Canada,Final Feature,6098,1.0,1.0,CSGO
abr,Brazil,Keyd,4349,1.02,1.0,CSGO
b0denmaster,Sweden,Lilmix,10110,1.03,1.0,CSGO
SP1NT,Russia,"""eL'quvet""",4007,1.01,1.0,CSGO
veta,Thailand,Beyond,6593,1.03,1.0,CSGO
rooRoooo,United States,Splyce,3752,0.99,1.0,CSGO
lukjjE,Lithuania,Playing Ducks,7451,1.03,1.0,CSGO
truth,Norway,Apeks,11400,1.01,1.0,CSGO
realziN,Brazil,Sharks,11941,1.02,1.0,CSGO
ShoT_UP,United States,BLITZKRIEG,4934,1.0,1.0,CSGO
mOkEn,Sweden,Epsilon,3617,1.04,1.0,CSGO
dsr,Canada,subtLe,5438,1.0,1.0,CSGO
Relyks,United States,eUnited,21258,1.01,1.0,CSGO
raalz,Denmark,Lyngby Vikings,18926,1.01,1.0,CSGO
REFLEX,Finland,HAVU,7807,1.02,1.0,CSGO
tricky,Russia,Trident,6839,1.02,1.0,CSGO
Carcass,Lithuania,1337HUANIA,5736,1.01,1.0,CSGO
Andkilde,Denmark,Copenhagen Flames,3672,1.02,1.0,CSGO
fenvicious,Russia,Unique,19059,1.01,1.0,CSGO
curry,United States,Triumph,6792,0.99,1.0,CSGO
Djoko,France,DBL PONEY,6973,1.01,1.0,CSGO
R0b3n,Latvia,Unique,13824,1.03,1.0,CSGO
knight,Brazil,TShow,3200,1.0,1.0,CSGO
mch,Brazil,TeamOne,9046,1.05,1.0,CSGO
glace,Denmark,North Academy,15307,1.04,1.0,CSGO
Whindanski,United Kingdom,exceL,3369,1.01,1.0,CSGO
Oderus,United States,Spacestation,12356,0.99,1.0,CSGO
almazer,Russia,forZe,34119,1.03,1.0,CSGO
Meddo,Sweden,fnatic Academy,3901,1.04,1.0,CSGO
1uke,Russia,Spirit Academy,16179,1.02,1.0,CSGO
DaneJoris,United States,Third Impact,4993,1.01,1.0,CSGO
Edward,Ukraine,Natus Vincere,38787,1.03,1.0,CSGO
ableJ,Brazil,FURIA,9544,1.05,1.0,CSGO
dzt,Brazil,Imperial,17229,1.01,1.0,CSGO
Straka,Argentina,Isurus,7959,1.0,1.0,CSGO
kenzor,Ukraine,pro100,15585,1.01,1.0,CSGO
reversive,Argentina,Isurus,14267,1.02,1.0,CSGO
ImpressioN,Singapore,BOOT-d[S],15862,1.01,1.0,CSGO
bnwGiggs,Thailand,Signature,9111,0.99,1.0,CSGO
k1Ng0r,Serbia,RESISTANCE,9126,1.01,1.0,CSGO
LATINOBOMBEN,Denmark,Great Danes,3129,0.99,1.0,CSGO
ALLE,Brazil,Havan Liberty,7966,1.02,1.0,CSGO
jitter,United States,Secret Club,4314,0.99,1.0,CSGO
supra,Estonia,Gambit Youngsters,13473,1.01,1.0,CSGO
hazed,United States,CLG,19138,0.99,1.0,CSGO
dOBRIY,Belarus,GoodJob,5323,1.01,1.0,CSGO
waterfaLLZ,Russia,Quantum Bellator Fire,20704,1.01,1.0,CSGO
Wolffe,United States,RBG,3888,1.01,1.0,CSGO
cbbk,Thailand,Lucid Dream,10342,1.02,1.0,CSGO
RoLEX,Thailand,Signature,12554,1.0,1.0,CSGO
KILLDREAM,Portugal,AlienTech,11159,1.0,1.0,CSGO
xiaosaGe,China,5POWER,22018,1.0,1.0,CSGO
HEAP,Sweden,Dignitas,5664,1.01,1.0,CSGO
wizard,Australia,Kings,6628,1.01,1.0,CSGO
Basso,Denmark,Copenhagen Flames,15218,1.03,1.0,CSGO
hyskeee,Latvia,Wolsung,4556,1.04,1.0,CSGO
zeff,Korea,MVP PK,12229,1.01,1.0,CSGO
thamlike,Denmark,Lyngby Vikings,4538,1.04,1.0,CSGO
alter,United States,Bad News Bears,7211,0.99,1.0,CSGO
mds,Belarus,Nemiga,28961,1.02,1.0,CSGO
mopoz,Spain,Movistar Riders,26150,1.0,1.0,CSGO
cromen,Norway,Nordavind,17335,1.01,1.0,CSGO
adreN,United States,Liquid,18241,1.03,1.0,CSGO
AaroN,United Kingdom,Infused,3698,1.0,1.0,CSGO
MODDII,Sweden,Heroic,30527,1.02,1.0,CSGO
void,Australia,Ground Zero,11368,1.02,1.0,CSGO
pyth,Sweden,NIP,19801,1.0,1.0,CSGO
rezex,Denmark,Team123,7325,1.01,1.0,CSGO
uli,Finland,KOVA,11524,1.02,1.0,CSGO
Noktse,Argentina,Isurus,17834,1.02,1.0,CSGO
s1natoRRR,Russia,SG.pro,4885,0.99,1.0,CSGO
cam,United States,Singularity,13974,1.02,1.0,CSGO
Cabbi,Denmark,AGF,7888,0.99,1.0,CSGO
Jerry,Russia,forZe,36398,1.02,1.0,CSGO
ALEX,United Kingdom,LDLC,27531,0.99,1.0,CSGO
peet,Poland,AGG,9993,1.01,1.0,CSGO
Sound,Korea,MVP Project,3886,1.02,1.0,CSGO
pecks,Australia,Chiefs,9930,1.03,1.0,CSGO
maektig,Sweden,AliGon,3787,1.01,1.0,CSGO
alexsomfan,Denmark,Great Danes,3566,1.01,1.0,CSGO
Liki,Australia,Dire Wolves,6195,1.03,1.0,CSGO
elemeNt,Chile,Meta,3978,1.0,1.0,CSGO
hudzG,United Kingdom,Anexis,2528,1.01,1.0,CSGO
xseveN,Finland,HAVU,31298,1.01,1.0,CSGO
JaCkz,France,G2,25144,1.0,1.0,CSGO
vice,United States,Rogue,12707,1.01,1.0,CSGO
Bååten,Sweden,x6tence Galaxy,19661,1.0,1.0,CSGO
Not7,China,Lynn Vision,5245,1.02,1.0,CSGO
Retrac,Philippines,Mineski,3398,1.02,1.0,CSGO
SIXER,France,LDLC,25460,1.05,1.0,CSGO
xelos,Sweden,Lemondogs,11082,1.0,1.0,CSGO
STYKO,Slovakia,HellRaisers,36601,1.01,1.0,CSGO
freakazoid,United States,Swole Patrol,22265,1.0,1.0,CSGO
jcrueL,United States,eUnited,6581,1.0,1.0,CSGO
Turismo,United States,iNTACT,2642,0.97,0.99,CSGO
robiin,Sweden,Endpoint,37041,1.0,0.99,CSGO
ec1s,United Kingdom,fnatic Academy,5437,1.01,0.99,CSGO
zockie,Peru,Supremacy,2976,0.98,0.99,CSGO
freddieb,Sweden,Epsilon,30119,1.01,0.99,CSGO
SEMPHIS,Canada,Splyce,21936,1.0,0.99,CSGO
dephh,United Kingdom,Complexity,20106,0.98,0.99,CSGO
Celrate,Denmark,Singularity,9660,1.01,0.99,CSGO
J1rah,Australia,ORDER,16907,1.01,0.99,CSGO
YDNA,Australia,Breakaway,11265,1.01,0.99,CSGO
JIaYm,Russia,bankaPEPSI,13033,0.98,0.99,CSGO
gMd,Canada,Rogue,12098,0.99,0.99,CSGO
artStar,United States,Dignitas fe,4027,1.02,0.99,CSGO
Sf,France,Epsilon,4741,1.01,0.99,CSGO
markeloff,Ukraine,FlipSid3,29624,1.03,0.99,CSGO
pauf,Sweden,GODSENT,6957,1.02,0.99,CSGO
siuhy,Poland,mouz NXT,9686,0.98,0.99,CSGO
ragga,Romania,Infinite,5932,0.99,0.99,CSGO
mole,United Kingdom,nerdRage,2721,1.03,0.99,CSGO
1mpala,Ukraine,5balls,3858,0.98,0.99,CSGO
KUN,Argentina,Boca Juniors,3849,0.99,0.99,CSGO
Puls3,United Kingdom,Endpoint,11572,1.01,0.99,CSGO
gla1ve,Denmark,Astralis,40250,1.02,0.99,CSGO
Barcode,Hungary,GameAgents,9007,0.98,0.99,CSGO
isak,Sweden,GamerLegion,9995,1.01,0.99,CSGO
neptune,United States,Ghost,13218,1.0,0.99,CSGO
akz,Chile,Rejected,4335,1.01,0.99,CSGO
Furlan,Poland,AGO,51887,0.99,0.99,CSGO
doktizh,Denmark,unknown,6526,1.01,0.99,CSGO
rbz,Australia,Paradox,16903,1.01,0.99,CSGO
BENDJI,Sweden,Singularity,23318,1.01,0.99,CSGO
Daffu,Denmark,Lyngby Vikings,11757,1.01,0.99,CSGO
EIZA,Latvia,NASR,2970,1.02,0.99,CSGO
kory,Hungary,Budapest Five,9893,0.99,0.99,CSGO
l0gicman,Turkey,Sangal,7312,1.01,0.99,CSGO
azizz,Poland,HONORIS,5493,0.99,0.99,CSGO
sXe,Romania,Nexus,14330,1.0,0.99,CSGO
jaxi,Romania,Nexus,12125,1.02,0.99,CSGO
s0m,United States,Gen.G,9528,1.0,0.99,CSGO
gade,Denmark,North,23655,1.0,0.99,CSGO
bitchiR,Estonia,WASD,4086,1.03,0.99,CSGO
zNf,United States,Mythic,6613,1.0,0.99,CSGO
BARBARR,Sweden,Epsilon,23180,1.0,0.99,CSGO
ToM223,Poland,PRIDE,9591,1.01,0.99,CSGO
Jackinho,Sweden,fnatic,3652,1.0,0.99,CSGO
fra,Brazil,FURIA Academy,2804,1.02,0.99,CSGO
kalle,Norway,Epsilon,7551,1.0,0.99,CSGO
MUTiRiS,Portugal,SAW,26947,1.0,0.99,CSGO
PPOverdose,Thailand,Maple,7518,0.98,0.99,CSGO
pwny,United States,RBG,2669,0.99,0.99,CSGO
solo,Korea,MVP PK,9364,1.01,0.99,CSGO
clax,Russia,Trident,7149,1.01,0.99,CSGO
Dima,Russia,Spirit,34466,0.98,0.99,CSGO
ANGE1,Ukraine,HellRaisers,45027,0.98,0.99,CSGO
doto,Finland,ENCE,15903,1.0,0.99,CSGO
kaboose,United States,Selfless,14235,0.97,0.99,CSGO
L1NK,United Kingdom,Vexed,5470,1.0,0.99,CSGO
Hunter,United States,Rugratz,8953,1.01,0.99,CSGO
ZEN,Hungary,GameAgents,4731,1.0,0.99,CSGO
st^,Sweden,Epiphany Bolt,3268,0.99,0.99,CSGO
Dosia,Russia,Gambit,37292,1.01,0.99,CSGO
Drone,United States,Splyce,11841,0.98,0.99,CSGO
jnt,Brazil,Sharks,13981,1.03,0.99,CSGO
fnyekes,Belarus,GoodJob,8217,0.99,0.99,CSGO
Leomonster,Brazil,Bravos,4257,0.96,0.99,CSGO
Lacore,Serbia,Legacy,3809,0.99,0.99,CSGO
facecrack,Russia,forZe,42609,0.98,0.99,CSGO
magixx,Russia,Spirit,13568,1.02,0.99,CSGO
CHRiSOAOW,Australia,Legacy,6428,1.0,0.99,CSGO
PEARSS,Australia,Ground Zero,3586,0.99,0.99,CSGO
vanity,United States,Chaos,15688,1.01,0.99,CSGO
morelz,Poland,PRIDE,27108,0.99,0.99,CSGO
maxcel,Brazil,Reapers,4311,1.03,0.99,CSGO
VINI,Brazil,FURIA,22908,0.99,0.99,CSGO
rox,Argentina,9z,3733,1.0,0.99,CSGO
kaz,Mongolia,Checkmate,3821,0.99,0.99,CSGO
fitch,Kazakhstan,AVANGAR,15207,0.98,0.99,CSGO
prt,Brazil,TeamOne,16646,1.0,0.99,CSGO
ZEDKO,Czech Republic,Sinners,23506,1.0,0.99,CSGO
missharvey,Canada,CLG Red,3282,1.0,0.99,CSGO
AZR,Australia,Renegades,28124,0.99,0.99,CSGO
NEUZ,Mongolia,Renewal,5083,0.97,0.99,CSGO
Aikas,Lithuania,1337HUANIA,3615,1.01,0.99,CSGO
k1to,Germany,BIG,29017,0.98,0.99,CSGO
Sideny,China,LGD,4950,0.98,0.99,CSGO
SAGGERTON,Finland,iGame.com,14097,0.98,0.99,CSGO
NickelBack,Russia,Entropiq,30288,1.01,0.99,CSGO
Jonji,Canada,Bad News Bears,23932,0.98,0.99,CSGO
robby,United States,Vireo.pro,7563,1.0,0.99,CSGO
S3NSEY,Austria,Sangal,3885,1.0,0.99,CSGO
larsen,Denmark,Movistar Riders,10985,1.01,0.99,CSGO
Lukki,Denmark,Tricked,23437,1.0,0.99,CSGO
tudsoN,Poland,MAD Lions,5888,1.0,0.99,CSGO
spellfull,Kazakhstan,Nemiga,3499,1.06,0.99,CSGO
Vegi,Poland,Virtus.pro,18379,0.98,0.99,CSGO
QuQu,China,FIVE,2778,0.99,0.99,CSGO
ryotzz,Brazil,W7M,11613,0.98,0.99,CSGO
dukefissura,Kazakhstan,100PG,5462,0.97,0.99,CSGO
glowiing,Russia,1WIN,7770,0.97,0.99,CSGO
capseN,Czech Republic,Brute,3973,1.01,0.99,CSGO
DAVEY,Canada,Splyce,20694,0.98,0.99,CSGO
Porya,Russia,AVE,3226,1.0,0.98,CSGO
Boombl4,Russia,Natus Vincere,25865,0.99,0.98,CSGO
AZK,Canada,iBUYPOWER,7420,1.0,0.98,CSGO
Perfecto,Russia,Natus Vincere,15304,1.03,0.98,CSGO
s1,Brazil,paiN,4194,0.97,0.98,CSGO
Rustun,United States,LFAO,2941,0.98,0.98,CSGO
TMB,Denmark,MAD Lions,13694,0.99,0.98,CSGO
krii,Latvia,EPG,10223,1.0,0.98,CSGO
AdreN,Kazakhstan,K23,45903,0.99,0.98,CSGO
slap,Sweden,London Conspiracy,7041,0.98,0.98,CSGO
stellar,United States,Party Astronauts,10968,1.0,0.98,CSGO
Xizt,Sweden,NIP,42830,1.02,0.98,CSGO
no_one,United States,Selfless,8859,0.98,0.98,CSGO
CaNNiE,Czech Republic,Sinners,5830,0.99,0.98,CSGO
RUBINO,Norway,Dignitas,26140,0.99,0.98,CSGO
k1Nky,Mexico,Infinity,6829,0.97,0.98,CSGO
badger,Australia,Dark Sided,5056,1.0,0.98,CSGO
C0M,United States,Mythic,3584,0.98,0.98,CSGO
bew,United States,New England Whalers,10079,0.99,0.98,CSGO
kwezz,Denmark,Tricked,10951,0.99,0.98,CSGO
Gringo,France,Ambush,4156,0.96,0.98,CSGO
Mann3n,Sweden,Young Ninjas,5888,0.96,0.98,CSGO
smn,Germany,n!faculty,4200,0.97,0.98,CSGO
rindA,Korea,MVP Project,4999,1.0,0.98,CSGO
bodyy,France,DBL PONEY,29187,0.99,0.98,CSGO
WOOD7,Brazil,Bravos,10197,1.03,0.98,CSGO
ryann,United States,Singularity,17857,0.98,0.98,CSGO
J0LZ,Canada,OCG,5846,0.98,0.98,CSGO
Zix,Bulgaria,Bpro,10329,0.98,0.98,CSGO
BIT,Brazil,9z,16815,1.01,0.98,CSGO
michi,Poland,ESC,3639,0.99,0.98,CSGO
bq,Sweden,Lilmix,9412,0.98,0.98,CSGO
SHOOWTiME,Brazil,Imperial,23210,0.99,0.98,CSGO
JA,Philippines,Bren,3000,0.98,0.98,CSGO
DeadFox,Hungary,HellRaisers,21060,1.0,0.98,CSGO
Sergiz,Ukraine,Akuma,11218,1.02,0.98,CSGO
PAINT,Norway,Epiphany Bolt,4925,0.98,0.98,CSGO
GII,Philippines,Mineski,3815,0.97,0.98,CSGO
zende,Sweden,DenDD,10444,1.0,0.98,CSGO
PetitSkel,France,EnVyUs Academy,8661,1.0,0.98,CSGO
Kaotik,Australia,Ground Zero,3712,0.94,0.98,CSGO
Remoy,Denmark,Singularity,8241,0.99,0.98,CSGO
Supreme,China,ZDM,3100,0.98,0.98,CSGO
pzK!D,Malaysia,JYP,4845,0.98,0.98,CSGO
chuch,Australia,Tainted Minds,7824,0.99,0.98,CSGO
Lakia,Korea,GOSU,4129,0.97,0.98,CSGO
NEY,Hungary,TRICKED,5271,0.97,0.98,CSGO
tabac0,Denmark,Tricked,5938,1.0,0.98,CSGO
niki1,Bulgaria,FATE,25866,0.99,0.98,CSGO
anger,United States,Mythic,17700,0.98,0.98,CSGO
Leo,Russia,DreamEaters,5135,1.0,0.98,CSGO
Llamas,Australia,Ground Zero,11530,1.0,0.98,CSGO
Stev0se,Belgium,EC Brugge,5829,0.98,0.98,CSGO
fAst,Belarus,Nemiga,4931,0.96,0.98,CSGO
cad,Brazil,Black Dragons,3242,0.97,0.98,CSGO
fostar,Ukraine,Trasko,3813,1.0,0.98,CSGO
will,Canada,iNTACT,3083,0.98,0.98,CSGO
piriaz1n,Brazil,FURIA Academy,4567,0.98,0.98,CSGO
ScRm,Portugal,AlienTech,3611,1.0,0.98,CSGO
rmn,Portugal,SAW,24184,0.99,0.98,CSGO
HenkkyG,Slovakia,eSuba,8336,0.98,0.98,CSGO
tifa,Brazil,Imperial,10476,0.98,0.98,CSGO
krudeN,Australia,Corvidae,7301,0.97,0.98,CSGO
skullz,Brazil,Havan Liberty,6215,0.99,0.98,CSGO
Fessor,Denmark,HYENAS,4130,0.98,0.98,CSGO
donQ,Spain,Movistar Riders,8975,1.0,0.98,CSGO
SADZED,Belarus,GoodJob,6400,1.0,0.98,CSGO
e1,Turkey,Space Soldiers,3487,0.98,0.98,CSGO
Spiidi,Germany,Sprout,48920,1.0,0.98,CSGO
BlackMamba,China,New4,4587,0.97,0.98,CSGO
viz,United States,Triumph,5982,1.0,0.98,CSGO
AlekS,Sweden,fnatic Academy,4605,0.97,0.98,CSGO
kapacho,Ukraine,NAVI Junior,7394,0.99,0.98,CSGO
RattlesnK,United Kingdom,Anexis,3465,0.98,0.98,CSGO
Toft,Denmark,Tricked,3489,0.99,0.98,CSGO
WyCloud,China,MFC,2960,0.99,0.98,CSGO
Templ ,Ukraine,Trasko,3093,1.0,0.98,CSGO
nilo,Sweden,Young Ninjas,6972,0.99,0.98,CSGO
reck,United States,Secret Club,5358,0.97,0.98,CSGO
Senpai,Lebanon,Yalla,3180,0.98,0.98,CSGO
DeStRoYeR,China,Invictus,14983,0.99,0.98,CSGO
jenko,United Kingdom,Epsilon,4811,0.97,0.98,CSGO
syken,Germany,expert,10832,0.97,0.98,CSGO
InJect,Australia,AVANT,9009,1.0,0.98,CSGO
dfen,Denmark,unknown,6461,0.97,0.98,CSGO
plat,Portugal,eXploit,4586,1.0,0.98,CSGO
RUSH,United States,Cloud9,35610,0.99,0.98,CSGO
Pollo,United States,Torqued,8069,0.98,0.98,CSGO
NEKIZ,Brazil,paiN,19908,0.98,0.98,CSGO
BURNRUOk,Australia,Ground Zero,22168,0.97,0.98,CSGO
drg,Brazil,Havan Liberty,6244,0.98,0.98,CSGO
KAPARZO,Czech Republic,eSuba,6048,0.98,0.98,CSGO
Argency,Korea,MVP Project,4796,1.01,0.98,CSGO
Fadey,South Africa,ATK,12543,0.96,0.98,CSGO
PERCY,Denmark,Secret,26682,0.98,0.98,CSGO
shonk,United States,Final Feature,6564,0.97,0.98,CSGO
enix,Norway,Lions,2730,0.97,0.98,CSGO
kalth,Australia,SIN,3265,0.97,0.98,CSGO
fp1,Brazil,C4,7187,0.94,0.98,CSGO
sancz,United States,Complexity,8346,0.99,0.98,CSGO
apocdud,Australia,Chiefs,15167,0.99,0.98,CSGO
streboR,United States,Method,4167,0.98,0.98,CSGO
roz,Brazil,Jaguares,2739,0.99,0.98,CSGO
Radifaction,Norway,Secret,13361,0.98,0.98,CSGO
yellow,Australia,Sylyx,7006,0.99,0.98,CSGO
Yokowow,Argentina,Durany,2563,0.96,0.98,CSGO
mikki,Norway,777,2768,0.98,0.98,CSGO
kustoM,South Africa,Big 5,2752,0.99,0.98,CSGO
SPELLAN,Bulgaria,SKADE,37216,0.99,0.98,CSGO
DemQQ,Ukraine,Akuma,7888,0.99,0.98,CSGO
sany,Poland,AVEZ,3354,0.95,0.98,CSGO
PKL,Brazil,paiN,24266,0.99,0.98,CSGO
Artill,China,Born Of Fire,6573,0.95,0.98,CSGO
Marek,Taiwan,After,10245,0.99,0.98,CSGO
blocker,Bulgaria,Windigo,22973,0.97,0.97,CSGO
RuStY,Sweden,GamerLegion,29199,0.99,0.97,CSGO
Twinx,Denmark,Lyngby Vikings,6062,1.0,0.97,CSGO
phantom,United States,Rebirth,3920,0.98,0.97,CSGO
zeptic,United States,Party Astronauts,4919,0.95,0.97,CSGO
crow,Japan,SCARZ Absolute,7092,0.99,0.97,CSGO
RpK,France,Vitality,39100,0.98,0.97,CSGO
mono,Poland,x-kom,17625,1.0,0.97,CSGO
guishorro,Argentina,Gale Force,8472,0.94,0.97,CSGO
JUSTCAUSE,Thailand,Maple,9008,0.97,0.97,CSGO
NaOw,Spain,Giants,2863,0.96,0.97,CSGO
FATAL,Brazil,Bulldozer,3724,0.96,0.97,CSGO
Laski,United States,subtLe,3886,0.99,0.97,CSGO
AJTT,Czech Republic,Entropiq Prague,4336,0.99,0.97,CSGO
SeokE,Korea,GOSU,3537,0.99,0.97,CSGO
joshbM,United States,Blight,3857,0.96,0.97,CSGO
Keoz,Belgium,LDLC,18283,0.96,0.97,CSGO
BrN,Bulgaria,MK,4382,0.99,0.97,CSGO
Jewelry,China,New4,7711,0.97,0.97,CSGO
jmqa,Russia,Quantum Bellator Fire,24166,0.98,0.97,CSGO
maak,Norway,London Conspiracy,5866,0.96,0.97,CSGO
Mayker,Australia,Genuine,10767,0.98,0.97,CSGO
propleh,Russia,1WIN,10295,0.99,0.97,CSGO
beastik,Czech Republic,Sinners,12301,0.98,0.97,CSGO
KriLLe,Sweden,Rogue Academy,2891,0.98,0.97,CSGO
w1nt3r,Kazakhstan,100PG,9992,1.0,0.97,CSGO
sinnopsyy,Albania,BLINK,11522,0.96,0.97,CSGO
seized,Russia,Natus Vincere,37891,0.98,0.97,CSGO
seb,United States,Ghost,15586,0.98,0.97,CSGO
oskarish,Poland,Illuminar,24869,0.98,0.97,CSGO
tomi,Argentina,Gale Force,6036,0.97,0.97,CSGO
b0bbzki,Sweden,Singularity,7248,0.95,0.97,CSGO
jet-,United States,Recon 5,4472,0.98,0.97,CSGO
jokes,Australia,Athletico,3448,0.97,0.97,CSGO
whatz,Portugal,eXploit,3720,0.98,0.97,CSGO
HOLMES,Serbia,Squared,10541,0.97,0.97,CSGO
UnK,Brazil,Bravos,3037,0.99,0.97,CSGO
Aleksib,Finland,OG,24472,0.99,0.97,CSGO
KIPSIk,Finland,KoN Finland,2616,0.97,0.97,CSGO
kUcheR,Russia,HellRaisers,22314,0.99,0.97,CSGO
djay,Canada,Party Astronauts,15572,0.97,0.97,CSGO
Drea3er,China,New4,10063,0.96,0.97,CSGO
nafany,Russia,Gambit,19708,0.97,0.97,CSGO
voidex,Russia,5balls,2701,0.94,0.97,CSGO
expro,China,Lynn Vision,9148,0.98,0.97,CSGO
walker,Canada,Third Impact,4529,1.0,0.97,CSGO
ViztA,Estonia,WASD,4241,0.97,0.97,CSGO
stk,Thailand,Beyond,15136,0.98,0.97,CSGO
Delta9,United States,Levitate,3149,0.96,0.97,CSGO
J3nsyy,Denmark,Lyngby Vikings,3434,1.0,0.97,CSGO
JazzPimp,United States,Recon 5,6491,0.96,0.97,CSGO
Reality,United States,Recon 5,4072,1.0,0.97,CSGO
ELUSIVE,South Africa,Bravado,9975,1.01,0.97,CSGO
bENITA,United States,CLG Red,4390,0.96,0.97,CSGO
mnL,Germany,ALTERNATE aTTaX,3912,0.97,0.97,CSGO
BASE,United States,Final Feature,2772,0.96,0.97,CSGO
chopper,Russia,Spirit,25970,0.98,0.97,CSGO
sterling,Canada,Station7,3830,0.96,0.97,CSGO
Surreal,United Kingdom,Endpoint,35371,0.97,0.97,CSGO
flAme,Kazakhstan,OneWay,3432,0.96,0.97,CSGO
Aree,China,Lynn Vision,4154,0.98,0.97,CSGO
leman,Poland,AGO,9212,0.98,0.97,CSGO
Retla,Singapore,HZ,3484,0.97,0.97,CSGO
dok,Brazil,Havan Liberty,6789,0.96,0.97,CSGO
misutaaa,France,Vitality,7708,0.97,0.97,CSGO
luckeRRR,Germany,fnatic Academy,3688,0.98,0.97,CSGO
648,Argentina,Coscu Army,5167,0.98,0.97,CSGO
benny,Sweden,Crowns,5640,0.97,0.97,CSGO
xek,Bulgaria,Skin Ogres,3278,0.96,0.97,CSGO
SEMINTE,Romania,Nexus,15872,0.97,0.97,CSGO
tyfoon,Canada,MASSIVEimpact,4486,0.94,0.97,CSGO
f4stzin,Brazil,Yeah,9085,0.96,0.97,CSGO
jabbi,Denmark,Copenhagen Flames,14477,0.98,0.97,CSGO
DEVIL,France,LDLC,16582,0.97,0.97,CSGO
bodito,Hungary,Salamander,10474,0.96,0.97,CSGO
BouLy,France,LDLC Blue,4496,0.94,0.97,CSGO
MAIROLLS,Thailand,Alpha Red,12791,0.98,0.97,CSGO
ossada,Brazil,INTZ,2625,0.98,0.97,CSGO
fara,Chile,Rejected,5678,0.96,0.97,CSGO
SOKER,Spain,Movistar Riders,16692,0.96,0.97,CSGO
LUCAS1,Brazil,Immortals,23889,0.97,0.97,CSGO
gabesson,Hungary,GameAgents,11654,0.97,0.97,CSGO
haflex,Lithuania,GameplayDNA,4795,0.97,0.97,CSGO
pr,Portugal,OFFSET,7701,0.95,0.97,CSGO
takej,Japan,SCARZ Absolute,6227,0.97,0.97,CSGO
Pro.,Philippines,Bren,8534,0.99,0.97,CSGO
Kryptix,United Kingdom,Endpoint,2998,0.98,0.97,CSGO
tiziaN,Germany,BIG,42077,0.98,0.97,CSGO
KHRN,Finland,SJ,24443,0.98,0.97,CSGO
trace,Denmark,fnatic,3109,1.0,0.97,CSGO
Guepard,Peru,Supremacy,3137,0.97,0.97,CSGO
RenZ,United States,Hysteria,3769,0.95,0.97,CSGO
DILLION1,Uruguay,Coscu Army,4953,0.97,0.97,CSGO
Leaf,Thailand,Lucid Dream,10120,0.99,0.97,CSGO
pesadelo,Brazil,TeamOne,11333,0.95,0.97,CSGO
elo,Sweden,Epiphany Bolt,2543,0.98,0.97,CSGO
Martin,China,Wings Up,4051,0.96,0.97,CSGO
starix,Ukraine,Natus Vincere,16451,0.98,0.97,CSGO
friberg,Sweden,Dignitas,46720,0.97,0.97,CSGO
reltuC,United States,CLG,22664,1.0,0.97,CSGO
wenton,Sweden,fnatic,5129,0.97,0.97,CSGO
ed101,China,AllGamers,6127,0.96,0.97,CSGO
Hyper,Poland,AGG,16949,0.99,0.96,CSGO
DH,Sweden,fightclub,3245,0.98,0.96,CSGO
qz,China,"""Let's Quit""",3463,0.97,0.96,CSGO
phr,Poland,AGO,31254,0.98,0.96,CSGO
minko,Bulgaria,HEADSHOTBG,2810,0.96,0.96,CSGO
wjw,China,EDG,3398,0.98,0.96,CSGO
ProbLeM,Russia,bankaPEPSI,13438,0.97,0.96,CSGO
supLex,Brazil,Sharks,3298,0.98,0.96,CSGO
prakM,Australia,Grayhound,6587,0.95,0.96,CSGO
malik,Russia,Monolith,5993,0.97,0.96,CSGO
KS,Denmark,Reason,6134,0.97,0.96,CSGO
wiz,United States,RBG,7098,0.98,0.96,CSGO
BLUEE,Czech Republic,eSuba,5374,0.98,0.96,CSGO
bLazE,South Africa,ATK,2736,0.97,0.96,CSGO
Maniac,Switzerland,LDLC,22049,0.97,0.96,CSGO
SmithZz,France,G2,30130,0.97,0.96,CSGO
nooky,Germany,mousesports,4994,0.99,0.96,CSGO
Strings,United States,Infamous,5634,0.95,0.96,CSGO
bodyaN,Ukraine,"""Save's""",2701,0.97,0.96,CSGO
Laes,Australia,Ground Zero,2564,0.95,0.96,CSGO
tot,Turkey,MC,3562,0.95,0.96,CSGO
tt,Brazil,Innova,2972,0.97,0.96,CSGO
kaper,Poland,AGO,14240,0.98,0.96,CSGO
spacca,Brazil,FURIA,7469,1.0,0.96,CSGO
0i,China,After,12376,0.96,0.96,CSGO
b0ychild,Denmark,Alpha,3075,0.96,0.96,CSGO
maeVe,Denmark,Tricked,12606,0.98,0.96,CSGO
stanislaw,Canada,Evil Geniuses,32764,0.98,0.96,CSGO
real_bM,United States,Infamous,2805,0.96,0.96,CSGO
YNk,Serbia,iNation,3008,0.95,0.96,CSGO
maRky,Germany,EURONICS,8363,0.95,0.96,CSGO
Kairi,Spain,x6tence,10297,0.97,0.96,CSGO
Tommy,Singapore,BOOT-d[S],9900,0.95,0.96,CSGO
Snappi,Denmark,ENCE,37272,0.98,0.96,CSGO
smartshi,China,FIVE,4668,0.95,0.96,CSGO
tabu,Denmark,Reason,4387,0.97,0.96,CSGO
Kristou,Denmark,AGF,8623,0.96,0.96,CSGO
SADDYX,Finland,SJ,16725,0.97,0.96,CSGO
brett,United States,Third Impact,4181,0.94,0.96,CSGO
WHitE,Romania,XPC,5458,0.96,0.96,CSGO
xms,France,Envy,18783,0.95,0.96,CSGO
barce,Japan,SCARZ Absolute,6741,0.95,0.96,CSGO
dangeR,Australia,Paradox,5385,0.96,0.96,CSGO
NEO,Poland,HONORIS,50399,0.96,0.96,CSGO
Amaterasu,India,Entity,3044,0.95,0.96,CSGO
horvy,Brazil,INTZ,5787,0.97,0.96,CSGO
Bymas,Lithuania,mousesports,7105,0.99,0.96,CSGO
shhhack,Slovakia,KPI,3045,0.96,0.96,CSGO
Krewmer,Sweden,Epiphany Bolt,4698,0.96,0.96,CSGO
HellrangeR,India,Entity,3186,0.98,0.96,CSGO
crank,Poland,SEAL,6006,0.97,0.96,CSGO
FinigaN,Russia,Espada,12178,1.0,0.96,CSGO
Rak,Germany,ALTERNATE aTTaX,5120,0.96,0.96,CSGO
sickLy,Colombia,Vault,6317,0.98,0.96,CSGO
Char,United States,CLG Academy,4458,0.94,0.96,CSGO
Uber,Canada,Enemy,10027,0.96,0.96,CSGO
Coffee,Belarus,GoodJob,9234,0.95,0.96,CSGO
Spesh,Australia,TRIDENT,2796,0.95,0.96,CSGO
nbl,Argentina,Isurus,14554,0.95,0.96,CSGO
BAS,Russia,Spirit Academy,6922,0.96,0.96,CSGO
Subbey,Malaysia,FrostFire,3479,0.95,0.96,CSGO
LILMAN,Canada,Swole Patrol,6925,0.95,0.96,CSGO
restikk,Argentina,Coscu Army,5712,0.96,0.96,CSGO
renatoohaxx,Portugal,eXploit,6277,0.92,0.96,CSGO
abE,United States,Splyce,6084,0.94,0.96,CSGO
spamzzy1,Colombia,Infinity,8320,0.94,0.96,CSGO
glow,Korea,MVP PK,10045,0.98,0.96,CSGO
MOLSI,Poland,PACT,7648,0.95,0.96,CSGO
Kvik,Lithuania,Quantum Bellator Fire,20389,0.95,0.96,CSGO
deviaNt,South Africa,Goliath,3086,0.97,0.96,CSGO
YOUYOU,Belgium,LDLC Blue,5139,0.96,0.96,CSGO
dezon,Sweden,Galaxy Racer,10707,0.97,0.96,CSGO
The eLiVe,Slovakia,Enterprise,7076,0.97,0.96,CSGO
Jayzwalkingz,Sweden,fnatic Academy,8839,0.97,0.96,CSGO
moonsh1n3,Finland,NOTBAD,3883,0.96,0.96,CSGO
krecker,Russia,YP,5882,0.96,0.96,CSGO
kyoto,Australia,AVANT,6398,0.96,0.96,CSGO
SOON,Poland,PRIDE,8179,0.98,0.96,CSGO
pulzG,Germany,Planetkey,3199,0.97,0.96,CSGO
acAp,Malaysia,FrostFire,8996,0.95,0.96,CSGO
kevzy,Sweden,Epsilon,4621,0.95,0.96,CSGO
tex,United States,Monstars,5810,0.93,0.96,CSGO
bee,United States,"""Bee's Money Crew""",4520,0.98,0.96,CSGO
VKLL,France,EnVyUs Academy,6474,0.96,0.96,CSGO
RZU,United States,Triumph,8881,0.95,0.96,CSGO
tahsiN,Germany,PENTA,15118,0.94,0.96,CSGO
Kim,France,LEGO,2630,0.95,0.96,CSGO
LOGAN,France,LDLC,15692,0.97,0.96,CSGO
TaZ,Poland,HONORIS,54137,0.97,0.96,CSGO
SasukeQO,Russia,GROND,2665,0.93,0.96,CSGO
MAJ3R,Turkey,Sangal,27135,0.97,0.96,CSGO
Wilky,United States,ImPerium,3687,0.95,0.96,CSGO
El Patron,Russia,Preparation,5748,0.98,0.96,CSGO
ponczek,Poland,Wisla Krakow,13272,0.97,0.96,CSGO
YJ,Brazil,W7M,13425,0.99,0.96,CSGO
kinqie,Russia,DreamEaters,16751,0.95,0.96,CSGO
LNZ,Sweden,NIP,5532,0.98,0.96,CSGO
quiNz,Denmark,Great Danes,4181,0.95,0.96,CSGO
tease,Sweden,Torpedo,4042,0.96,0.96,CSGO
Jimmy,Australia,FURY,2830,0.94,0.96,CSGO
smF,Denmark,CPH Wolves,20710,0.97,0.96,CSGO
shellzi,Portugal,OFFSET,4983,0.95,0.96,CSGO
devoduvek,France,LDLC,16394,0.95,0.95,CSGO
v1N,Netherlands,Defusekids,4816,0.97,0.95,CSGO
tmL,Denmark,Ambush,2859,0.96,0.95,CSGO
denis,Germany,Sprout,48452,0.95,0.95,CSGO
Andersin,United States,Thunder Logic,3114,0.93,0.95,CSGO
Rampage,United States,New England Whalers,6136,0.95,0.95,CSGO
vEz,Canada,ACE,3388,0.95,0.95,CSGO
becker,Norway,Nordavind,5069,0.93,0.95,CSGO
impsta,United States,Eanix,5801,0.94,0.95,CSGO
RAIMOVORMISTO,Finland,hREDS,3432,0.96,0.95,CSGO
alexRr,Germany,expert,11346,0.93,0.95,CSGO
steel,Brazil,Movistar Riders,37000,0.97,0.95,CSGO
JT,South Africa,Extra Salt,21988,0.96,0.95,CSGO
dumz,Sweden,DenDD,12074,0.96,0.95,CSGO
Tresh1k,Ukraine,"""spray'n'pray""",3293,0.95,0.95,CSGO
caike,Brazil,g3x,12342,0.96,0.95,CSGO
conoR,Ireland,exceL,2964,0.96,0.95,CSGO
neto,Norway,Lions,3198,0.96,0.95,CSGO
Karus,Sweden,fnatic Academy,5399,0.93,0.95,CSGO
Sapec,Sweden,Young Ninjas,7788,0.94,0.95,CSGO
soju_j,New Zealand,Legacy,13675,0.96,0.95,CSGO
cheti,Estonia,OnlineBOTS,3872,0.93,0.95,CSGO
NpK,Belgium,Vexed,2828,0.95,0.95,CSGO
Sharkie,United States,Thunder Logic,3336,0.93,0.95,CSGO
dERZKIY,Belarus,K29,10481,0.95,0.95,CSGO
Grusarn,Norway,Apeks,12690,0.93,0.95,CSGO
AcilioN,Denmark,Copenhagen Flames,42135,0.96,0.95,CSGO
DeniMM,Germany,Unicorns of Love,2640,0.93,0.95,CSGO
icem4N,Kazakhstan,100PG,6754,0.95,0.95,CSGO
Ejram,Iraq,Divine Vendetta,3327,0.95,0.95,CSGO
SoneSb,France,Ambush,3026,0.92,0.95,CSGO
Console,Denmark,Tricked,18612,0.95,0.95,CSGO
Cunha,Portugal,Giants,3386,0.93,0.95,CSGO
darko,Poland,PACT,21297,0.95,0.95,CSGO
CONNOR93,Canada,Ghost,11544,0.94,0.95,CSGO
inVert,United States,LunatiK,3668,0.92,0.95,CSGO
lowrider,United States,GGPR,3460,0.93,0.95,CSGO
JDK,Australia,Riotous Raccoons,2638,0.95,0.95,CSGO
st0Le,Croatia,Locastic,3144,0.93,0.95,CSGO
r0bs3n,Germany,Planetkey,7517,0.95,0.95,CSGO
KrizzeN,Kazakhstan,AVANGAR,20020,0.97,0.95,CSGO
roque,Sweden,Orbit,3605,0.95,0.95,CSGO
animus,Australia,Lucky7,2947,0.95,0.95,CSGO
dmm,China,LGD,5414,0.93,0.95,CSGO
xns,Brazil,TeamOne,3460,0.95,0.95,CSGO
wannafly,Thailand,Lucid Dream,6875,0.96,0.95,CSGO
jemi,Finland,HAVU,7502,0.96,0.95,CSGO
Sync,Australia,Athletico,6305,0.95,0.95,CSGO
aimaNNN,Malaysia,FrostFire,7819,0.96,0.95,CSGO
DarkS1DE,Ukraine,HOLLYWOOD,6179,0.93,0.95,CSGO
droid,United States,AA,6092,0.96,0.95,CSGO
VANITY,United Kingdom,Vexed,5331,0.94,0.95,CSGO
Skurk,Norway,London Conspiracy,6340,0.96,0.95,CSGO
Insane,China,EHOME,7871,0.94,0.95,CSGO
oxygeN,Bulgaria,SKADE,13336,0.95,0.95,CSGO
oddo,Germany,Planetkey,4951,0.94,0.95,CSGO
Polly,Norway,LGB,11278,0.95,0.95,CSGO
cLb,Vietnam,24BHB,3572,0.95,0.95,CSGO
Toy,United States,Method,8318,0.95,0.95,CSGO
HugoXD,Sweden,Singularity,7510,0.94,0.95,CSGO
huynh,Canada,LiViD,6665,0.95,0.95,CSGO
chop,United States,RBG,5832,0.95,0.95,CSGO
disturbed,Finland,ENCORE,6409,0.94,0.95,CSGO
Smash,Ukraine,EC Kyiv,3499,0.95,0.95,CSGO
RoSeY,Norway,BX3,2622,0.95,0.95,CSGO
xype,Poland,Izako Boars,3252,0.96,0.95,CSGO
Levi,Czech Republic,Universe,3736,0.92,0.95,CSGO
Sidney,Poland,AGO,9611,0.96,0.95,CSGO
flashie,Hungary,GameAgents,15493,0.95,0.95,CSGO
cruzN,Guatemala,Infinity,4450,0.94,0.95,CSGO
arvid,Finland,SJ,23328,0.94,0.95,CSGO
ZER,Sweden,PAPERPLANES,3954,0.96,0.95,CSGO
kuben,Poland,ESC,4196,0.98,0.95,CSGO
latro,Russia,USSR,3658,0.94,0.95,CSGO
strux1,Germany,PENTA,10276,0.96,0.95,CSGO
Rambutan,Vietnam,Revolution,3788,0.92,0.95,CSGO
ecfN,Germany,ALTERNATE aTTaX,11214,0.94,0.95,CSGO
FlipiN,Spain,x6tence,6542,0.95,0.95,CSGO
Karsa,China,Flash,11674,0.96,0.95,CSGO
luko,Slovakia,eSuba,3141,0.94,0.95,CSGO
Muzoona,Australia,Integral Nation,2806,0.93,0.95,CSGO
Norwi,Russia,BEZ ZP,4258,0.94,0.95,CSGO
koyot,Poland,Pompa,3811,0.95,0.95,CSGO
Walco,Canada,RBG,7009,0.92,0.95,CSGO
TORAS,Lithuania,Playing Ducks,3937,0.93,0.95,CSGO
mizu,Australia,AVANT,7434,0.93,0.95,CSGO
Melio,Canada,OCG,4894,0.93,0.95,CSGO
Bobosaur,Singapore,BOOT-d[S],8801,0.95,0.95,CSGO
xajdish,Sweden,passions,6481,0.95,0.95,CSGO
Inzta,Denmark,Tricked,19798,0.94,0.94,CSGO
uNdo,Belarus,Unique,11246,0.95,0.94,CSGO
TOAO,Poland,Izako Boars,27564,0.95,0.94,CSGO
prosus,Germany,fnatic Rising,4611,0.93,0.94,CSGO
tutehen,Argentina,Isurus,10650,0.96,0.94,CSGO
klebz,Australia,Control,3808,0.93,0.94,CSGO
MaTaFe,Slovenia,fnatic Academy,3997,0.94,0.94,CSGO
ZINKEN,Sweden,x6tence Galaxy,8105,0.96,0.94,CSGO
Rock1nG,Bulgaria,SKADE,23099,0.94,0.94,CSGO
bnox,Poland,PACT,3097,0.93,0.94,CSGO
vSa,Canada,Rise Nation,10066,0.95,0.94,CSGO
Duplicate,Bulgaria,SKADE,18561,0.94,0.94,CSGO
kzy,Germany,EURONICS,25078,0.95,0.94,CSGO
OKOLICIOUZ,Poland,Virtus.pro,5336,0.94,0.94,CSGO
moki,China,HegemonyPerson,4844,0.92,0.94,CSGO
nosraC,United States,Rebirth,7397,0.93,0.94,CSGO
MAIDHEN,France,MAXISAUCISSE,3446,0.9,0.94,CSGO
Twixie,Finland,KOVA,16761,0.94,0.94,CSGO
Marved,Canada,blood,2773,0.92,0.94,CSGO
krg,Brazil,Bravos,3551,0.94,0.94,CSGO
Queenix,Denmark,MASONIC,7524,0.95,0.94,CSGO
Fifflaren,Sweden,NIP,13195,0.99,0.94,CSGO
SileNt,United States,Swole Patrol,16235,0.93,0.94,CSGO
Patrick,Bulgaria,FATE,8725,0.92,0.94,CSGO
devastation,United States,Big Frames,4828,0.94,0.94,CSGO
matty,Poland,EC Brugge,11040,0.94,0.94,CSGO
H4wK,Mongolia,Checkmate,3945,0.92,0.94,CSGO
Andrew,Uruguay,Furious,5114,0.93,0.94,CSGO
thief,United States,Divine,2602,0.9,0.94,CSGO
zonixx,Germany,mousesports,4329,0.95,0.94,CSGO
arieldidi,Argentina,River Plate,3578,0.95,0.94,CSGO
stavros,Germany,PENTA,8961,0.92,0.94,CSGO
Fighter,United States,Eanix,4526,0.94,0.94,CSGO
tonyblack,Russia,Spirit,21699,0.95,0.94,CSGO
tr3vl,Russia,Spirit Academy,5571,0.93,0.94,CSGO
Zote,Argentina,Isurus,4967,0.95,0.94,CSGO
picky,United States,Bushido Boyz,4903,0.92,0.94,CSGO
EXUS,Poland,PRIDE,21496,0.94,0.94,CSGO
r1d3r,Romania,Nexus,3943,0.93,0.94,CSGO
arch,Ukraine,Preparation,15530,0.94,0.94,CSGO
KORN,Norway,Epiphany Bolt,4855,0.91,0.94,CSGO
KOLER,Canada,OCG,2943,0.93,0.94,CSGO
boX,Belarus,Nemiga,28733,0.94,0.94,CSGO
Necrogenes1s,Macedonia,lvlUP,3989,0.93,0.94,CSGO
interz,Russia,Gambit,19368,0.99,0.94,CSGO
LOMME,Denmark,North Academy,16172,0.95,0.94,CSGO
Ex6TenZ,Belgium,Titan,36352,0.96,0.94,CSGO
DomiNate,Sweden,Publiclir.se,4922,0.93,0.94,CSGO
ub1que,Russia,EPG,12691,0.94,0.94,CSGO
James,Australia,Immunity,8631,0.93,0.94,CSGO
qk-Mantis,Germany,n!faculty,3923,0.92,0.94,CSGO
maNkz,Denmark,Lyngby Vikings,11180,0.93,0.94,CSGO
zander,United States,Rugratz,6042,0.93,0.94,CSGO
Noisia,Australia,AVANT,15033,0.94,0.94,CSGO
fel1x,Germany,ALTERNATE aTTaX,7551,0.92,0.94,CSGO
Grucha,Poland,AVEZ,3977,0.91,0.94,CSGO
holzt,Denmark,No Problem!,8750,0.93,0.94,CSGO
soLo,Serbia,iNation,2811,0.94,0.94,CSGO
Klauss,Chile,Hafnet,2685,0.95,0.94,CSGO
Fox,Russia,Virtus.pro,5134,0.95,0.94,CSGO
emi,Serbia,Valiance,26663,0.94,0.94,CSGO
approx,Germany,mousesports,3332,0.95,0.94,CSGO
la3euka,Russia,IN.GAME,4992,0.94,0.94,CSGO
Partodis,Bulgaria,Bojestvata,4392,0.94,0.94,CSGO
forget,China,5POWER,11512,0.91,0.94,CSGO
Diray,Russia,SG.pro,6977,0.94,0.94,CSGO
w1,Brazil,Jaguares,3358,0.94,0.94,CSGO
Kolibrien,Denmark,Great Danes,3612,0.95,0.94,CSGO
Gooden,Argentina,Isurus,3105,0.92,0.94,CSGO
stark,Poland,x-kom,8322,0.93,0.94,CSGO
H4RR3,Norway,777,14244,0.92,0.94,CSGO
kHRYSTAL,Sweden,Acer,3263,0.95,0.94,CSGO
Barken,Sweden,Rogue Academy,3632,0.93,0.94,CSGO
hasteka,Mongolia,D13,3433,0.9,0.94,CSGO
minse,Russia,DreamEaters,2931,0.93,0.94,CSGO
keshandr,Russia,Vega Squadron,8221,0.94,0.94,CSGO
Lamplight,China,MAX,3424,0.93,0.93,CSGO
repo,Poland,PRIDE,13199,0.93,0.93,CSGO
crisby,Germany,Unicorns of Love,31129,0.92,0.93,CSGO
cJ,United States,Selfless,5023,0.92,0.93,CSGO
ngiN,Turkey,Sangal,26515,0.95,0.93,CSGO
eLUSIVE,Australia,AVANT,6372,0.94,0.93,CSGO
nat1ve,Ukraine,B8,3504,0.92,0.93,CSGO
DANZ,Australia,Corvidae,9171,0.92,0.93,CSGO
Topa,Ukraine,NAVI Junior,7035,0.93,0.93,CSGO
Xaisty,Sweden,Asterion,3665,0.9,0.93,CSGO
SeveN89,Thailand,Alpha Red,4776,0.93,0.93,CSGO
Reita,Japan,Absolute,3608,0.93,0.93,CSGO
draWsouL,United States,LunatiK,3049,0.93,0.93,CSGO
dav1dK,Germany,Berzerk,5375,0.91,0.93,CSGO
P4TriCK,Germany,Unicorns of Love,5361,0.91,0.93,CSGO
neaLaN,Kazakhstan,K23,23290,0.93,0.93,CSGO
DANVIET,Brazil,INTZ,4596,0.91,0.93,CSGO
r4ul,Brazil,Black Dragons,3178,0.92,0.93,CSGO
ozzy,United Kingdom,Vexed,2993,0.91,0.93,CSGO
G1DO,Netherlands,Defusekids,3688,0.94,0.93,CSGO
novel,Ukraine,Vexilla,3979,0.92,0.93,CSGO
hutji,Russia,Vega Squadron,12010,0.92,0.93,CSGO
quix,Sweden,Lilmix,23654,0.91,0.93,CSGO
bzt,Hungary,HoP,2768,0.93,0.93,CSGO
TACO,Brazil,SK,32324,0.95,0.93,CSGO
Maccen,Denmark,Lyngby Vikings,2704,0.93,0.93,CSGO
Uzzziii,France,LDLC,6749,0.92,0.93,CSGO
GMX,France,Epsilon,6187,0.92,0.93,CSGO
stan1ey,United Kingdom,Endpoint,6239,0.9,0.93,CSGO
Shakezullah,United States,Triumph,16505,0.95,0.93,CSGO
guerri,Brazil,CNB,4872,0.92,0.93,CSGO
lucasp,Slovakia,Universe,2920,0.91,0.93,CSGO
ZED,United Kingdom,Infused,2701,0.94,0.93,CSGO
7oX1C,Ukraine,Trasko,7726,0.94,0.93,CSGO
TuGuX,Germany,Space Soldiers,9074,0.95,0.93,CSGO
phx,Brazil,DETONA,3198,0.93,0.93,CSGO
foxz,Thailand,Alpha Red,6187,0.92,0.93,CSGO
maxie,Sweden,Denial,4857,0.9,0.93,CSGO
Sa7,China,MFC,4145,0.91,0.93,CSGO
castro,Canada,In The Lab,2658,0.92,0.93,CSGO
callum_murray,Australia,FURY,3864,0.91,0.93,CSGO
yepz,Brazil,Case,5453,0.93,0.93,CSGO
arki,Spain,SAW,19297,0.93,0.93,CSGO
meisoN,Spain,Movistar Riders,8692,0.91,0.93,CSGO
nonick,France,TheDice,7930,0.92,0.93,CSGO
RIZZZ,Portugal,OFFSET,9717,0.91,0.93,CSGO
RAiLWAY,Russia,Espada,8095,0.9,0.93,CSGO
a2z,Canada,Torqued,5171,0.92,0.93,CSGO
mynio,Poland,Wisla Krakow,19157,0.91,0.93,CSGO
kiR,Denmark,Tricked,9928,0.91,0.93,CSGO
Hiki,United States,SKDC,2831,0.91,0.93,CSGO
JoJo,United States,Mythic,3276,0.9,0.93,CSGO
Twiksar,Russia,Space Jam,4448,0.92,0.93,CSGO
rdl,Sweden,n!faculty,3008,0.91,0.93,CSGO
ONLY,Turkey,Space Soldiers,3843,0.94,0.93,CSGO
LYNXi,Finland,hREDS,4082,0.94,0.93,CSGO
rafftu,Bulgaria,SKADE,12557,0.93,0.93,CSGO
sK,Australia,AVANT,8948,0.9,0.93,CSGO
spaydeR,Mexico,QuetzaL,4672,0.92,0.93,CSGO
spiKez,Australia,Legacy,3181,0.93,0.93,CSGO
Eeyore,Indonesia,Recca,5531,0.91,0.93,CSGO
Astroo,United Kingdom,Fierce,4796,0.93,0.93,CSGO
Bernard,Netherlands,PANTHERS,3487,0.91,0.93,CSGO
Dav,Serbia,ONYX,9943,0.92,0.93,CSGO
SENER1,Albania,BLINK,4603,0.91,0.93,CSGO
grape,United States,Third Impact,3740,0.91,0.93,CSGO
bladE,Spain,x6tence,4568,0.93,0.93,CSGO
BRNZ1K,Brazil,IDM,3339,0.92,0.93,CSGO
Mi5ERY,China,FIVE,3991,0.91,0.93,CSGO
INCRED,Canada,QcClan,4285,0.92,0.93,CSGO
deMO,Brazil,Keyd,3702,0.92,0.93,CSGO
hiffer,Denmark,Magistra,3123,0.91,0.93,CSGO
psycho,Bulgaria,Bpro,7571,0.91,0.92,CSGO
zeq,Denmark,Ambush,3615,0.91,0.92,CSGO
Samppa,Finland,hREDS,2927,0.91,0.92,CSGO
MetaL,Belgium,aAa,6419,0.91,0.92,CSGO
pipsoN,Russia,XPC,2875,0.92,0.92,CSGO
aVN,Serbia,lvlUP,11530,0.93,0.92,CSGO
aKis,United States,Muffin Lightning,4925,0.91,0.92,CSGO
dragunov,Spain,Movistar Riders,5699,0.94,0.92,CSGO
leckr,Czech Republic,Entropiq Prague,3208,0.93,0.92,CSGO
effys,Canada,FRENCH CANADIANS,6700,0.92,0.92,CSGO
t0rick,Azerbaijan,Syman,9581,0.92,0.92,CSGO
Art,Russia,RuSh3D,4676,0.91,0.92,CSGO
paredao,Brazil,INTZ,3078,0.92,0.92,CSGO
pachanga,Kyrgyzstan,Tengri,5459,0.91,0.92,CSGO
S0tF1k,Russia,Spirit,33567,0.92,0.92,CSGO
Pizituh,Portugal,AlienTech,7190,0.92,0.92,CSGO
Ange,Canada,Thunder Logic,2774,0.91,0.92,CSGO
bnc,Brazil,WePlayGames,4853,0.91,0.92,CSGO
hitMouse,Belarus,Nemiga,13896,0.93,0.92,CSGO
mistou,France,LDLC,8284,0.92,0.92,CSGO
amster,Ukraine,EC Kyiv,3608,0.93,0.92,CSGO
ncl,Mongolia,Mazaalai,12890,0.93,0.92,CSGO
JinNy,Thailand,MiTH,3986,0.93,0.92,CSGO
Xp3,France,Winterfox,13113,0.91,0.92,CSGO
fear,Ukraine,NAVI Junior,2551,0.92,0.92,CSGO
n0tice,Poland,EC Brugge,3524,0.92,0.92,CSGO
nhl,Argentina,Coscu Army,4398,0.91,0.92,CSGO
gejmzilla,Hungary,Throw Potential,2858,0.9,0.92,CSGO
zpr,Portugal,k1ck,3176,0.91,0.92,CSGO
SANJI,Uzbekistan,Virtus.pro,19295,0.93,0.92,CSGO
breAker,United Arab Emirates,NASR,7172,0.93,0.92,CSGO
KiTTy-KaT,Belgium,Games4u fe,2810,0.91,0.92,CSGO
SkulL,Australia,Genuine,13333,0.9,0.92,CSGO
PR1mE,Denmark,Tricked,5583,0.91,0.92,CSGO
pNshr,Bulgaria,Windigo,15532,0.92,0.92,CSGO
cype,Sweden,Lemondogs,5290,0.91,0.92,CSGO
PnX,Denmark,myXMG,2878,0.89,0.92,CSGO
Click-,Malaysia,Fire Dragoon,3688,0.9,0.92,CSGO
MSL,Denmark,Dignitas,44677,0.9,0.92,CSGO
nak,Brazil,Sharks,13210,0.93,0.92,CSGO
APE,Canada,Complexity,5889,0.92,0.92,CSGO
doublemagic,Bulgaria,FATE,4086,0.93,0.92,CSGO
matHEND,France,LDLC White,8606,0.9,0.92,CSGO
Luz,Poland,PRIDE,16970,0.92,0.92,CSGO
lanhero,United States,F1-racecar-PEEK,4364,0.92,0.92,CSGO
mizzy,Australia,Bizarre,4024,0.9,0.92,CSGO
Professor_Chaos,United States,Splyce,4396,0.93,0.92,CSGO
Nurfed,United States,Big Frames,3128,0.89,0.92,CSGO
BTN,Romania,Nexus,24639,0.9,0.92,CSGO
xartE,Finland,SJ,28500,0.93,0.92,CSGO
Zeus,Ukraine,Natus Vincere,37015,0.92,0.92,CSGO
arya,United States,Splyce,11148,0.89,0.92,CSGO
witmer,United States,Complexity,8965,0.91,0.92,CSGO
SenpaiMadara,Australia,Dynasty,3062,0.89,0.92,CSGO
kanarito,Spain,gBots,2605,0.91,0.92,CSGO
Zerocool,Jordan,Chosen5,3356,0.9,0.92,CSGO
karrigan,Denmark,FaZe,48728,0.91,0.92,CSGO
perzon,Sweden,Rogue Academy,2694,0.9,0.92,CSGO
akez,Norway,777,9605,0.9,0.92,CSGO
decent,Sweden,Torpedo,5612,0.92,0.92,CSGO
enanoks,Spain,Dragons,3039,0.9,0.92,CSGO
squidi,Denmark,Alpha,2940,0.91,0.92,CSGO
retchy,Canada,Rebirth,5850,0.89,0.92,CSGO
asmo,Germany,ALTERNATE aTTaX,6696,0.89,0.92,CSGO
kIMERA,Italy,Forge,2878,0.9,0.92,CSGO
ztr,Sweden,Young Ninjas,6406,0.91,0.92,CSGO
shEMETA,Bulgaria,MK,5441,0.91,0.92,CSGO
danoco,Brazil,MIBR,3938,0.88,0.92,CSGO
Ericip,Sweden,Epsilon,4810,0.9,0.92,CSGO
miLLe,Canada,QcClan,3333,0.9,0.92,CSGO
AERO,Russia,RuSh3D,7420,0.9,0.91,CSGO
netim,Brazil,Reapers,4552,0.9,0.91,CSGO
lamp,Russia,Vega Squadron,5200,0.89,0.91,CSGO
B1NGO,China,Lynn Vision,6959,0.91,0.91,CSGO
3,China,HegemonyPerson,3071,0.9,0.91,CSGO
pietola,Finland,KOVA,10178,0.91,0.91,CSGO
Cate,China,T.O.T,3552,0.89,0.91,CSGO
ADK,Australia,Rooster,9175,0.92,0.91,CSGO
Havoc,Australia,Renegades,2460,0.9,0.91,CSGO
Nighthawk,Australia,Masterminds,3629,0.87,0.91,CSGO
rafa,Brazil,INTZ,2729,0.89,0.91,CSGO
hpp,Kazakhstan,zARLANS,4704,0.91,0.91,CSGO
asteriskk,Indonesia,Recca,2558,0.91,0.91,CSGO
GEOHYPE,Romania,OneTap,2560,0.88,0.91,CSGO
tecek,Poland,Izako Boars,9987,0.88,0.91,CSGO
VofkiN,Russia,UYA,2744,0.87,0.91,CSGO
SATURN,United States,Recon 5,2907,0.9,0.91,CSGO
BRACE,Australia,VERTEX,6765,0.9,0.91,CSGO
LEGIJA,Germany,BIG,22614,0.9,0.91,CSGO
roman,Belarus,Nemiga,10880,0.91,0.91,CSGO
EXR,Denmark,Reason,3869,0.91,0.91,CSGO
KarriBob,United Arab Emirates,Risky,4414,0.92,0.91,CSGO
Shara,Ukraine,"""spray'n'pray""",9929,0.9,0.91,CSGO
XpG,France,TheDice,5915,0.89,0.91,CSGO
MusambaN1,Spain,x6tence,7802,0.91,0.91,CSGO
shinobi,Mongolia,D13,4607,0.89,0.91,CSGO
wayLander,Russia,FlipSid3,20857,0.89,0.91,CSGO
Welshy,United States,Big Frames,3833,0.88,0.91,CSGO
Jialocin,Denmark,Ambush,2985,0.9,0.91,CSGO
goa,Australia,Riotous Raccoons,2938,0.89,0.91,CSGO
avis,Poland,Izako Boars,4930,0.9,0.91,CSGO
prb,Norway,LGB,4018,0.92,0.91,CSGO
HSK,Thailand,Signature,2877,0.89,0.91,CSGO
riku,United States,Divine,3323,0.88,0.91,CSGO
Kray,United Kingdom,Vexed,4439,0.89,0.91,CSGO
TEKO,Brazil,Jaguares,2791,0.89,0.91,CSGO
h1glaiN,Ukraine,Espada,4655,0.89,0.91,CSGO
GUTO22,Brazil,DETONA,3659,0.9,0.91,CSGO
coolio,Hungary,Budapest Five,8552,0.91,0.91,CSGO
BONA,Finland,SJ,12674,0.89,0.91,CSGO
xikii,Spain,KPI,3001,0.88,0.91,CSGO
z1,Ukraine,"""spray'n'pray""",3404,0.88,0.91,CSGO
kade0,Kazakhstan,K23,7333,0.9,0.91,CSGO
nEiLZiNHo,United Kingdom,FMESPORTS,4166,0.91,0.91,CSGO
FliP1,Denmark,Wizards,2974,0.9,0.91,CSGO
Monu,Belgium,Defusekids,4516,0.89,0.9,CSGO
hades,Canada,Splyce,7291,0.88,0.9,CSGO
kRYSTAL,Germany,PENTA,46508,0.9,0.9,CSGO
sAw,Finland,HAVU,33681,0.91,0.9,CSGO
d@rklord,Vietnam,DivisionX,4432,0.89,0.9,CSGO
svyat,Russia,Hard Legion,16450,0.91,0.9,CSGO
redhide,Russia,HOLLYWOOD,5720,0.89,0.9,CSGO
sorrow,Kazakhstan,100PG,5484,0.88,0.9,CSGO
TorPe,Spain,gBots,3725,0.9,0.9,CSGO
kylin,China,ZDM,2976,0.9,0.9,CSGO
tsack,Greece,Epsilon,5246,0.9,0.9,CSGO
Golden,Sweden,fnatic,22010,0.88,0.9,CSGO
Will1,Brazil,Falkol,3485,0.89,0.9,CSGO
Waterbaby,China,Eclipse.o,3119,0.87,0.9,CSGO
willyKS,Indonesia,Ground Zero,6139,0.89,0.9,CSGO
Kirby,Germany,n!faculty,8900,0.88,0.9,CSGO
Polox,France,TheDice,5880,0.88,0.9,CSGO
pita,Bosnia and Herzegovina,CLG,4660,0.87,0.9,CSGO
Church,United States,Big Frames,3561,0.88,0.9,CSGO
RICIOLI,Brazil,SWS,3129,0.9,0.9,CSGO
MiGHTYMAX,United Kingdom,Endpoint,26684,0.9,0.9,CSGO
aune,Finland,SJ,5856,0.89,0.9,CSGO
naSu,Finland,ENCE,5862,0.9,0.9,CSGO
SBT,France,Ambush,3470,0.88,0.9,CSGO
Pr1zraK,Ukraine,KerchNET,3057,0.88,0.9,CSGO
Roombang,Belgium,Vexed,3164,0.89,0.9,CSGO
VNko,Bulgaria,Bpro,3616,0.91,0.9,CSGO
Tee,Vietnam,Revolution,3289,0.87,0.9,CSGO
Mauisnake,United States,AZIO,2617,0.88,0.9,CSGO
crush,Ukraine,pro100,19205,0.89,0.9,CSGO
balblna,Russia,Quantum Bellator Fire,16017,0.89,0.9,CSGO
cookie,New Zealand,Sylyx,2922,0.87,0.9,CSGO
VigzZ,Denmark,Ambush,3845,0.85,0.9,CSGO
Czapel,Poland,Pompa,2608,0.87,0.9,CSGO
jasonR,Canada,Splyce,7527,0.89,0.9,CSGO
It's my,Russia,Space Jam,7833,0.87,0.9,CSGO
d3k1,Serbia,proWince,2619,0.89,0.9,CSGO
poem,Japan,SCARZ Absolute,4844,0.88,0.9,CSGO
kenzyy,Philippines,TNC,3044,0.89,0.9,CSGO
frostezoR,Brazil,FURIA Academy,5390,0.89,0.9,CSGO
sycrone,Denmark,Sprout,14608,0.9,0.9,CSGO
cryo,Brazil,Bulldozer,3103,0.88,0.9,CSGO
nkl,Bulgaria,E-frag.net,16554,0.91,0.9,CSGO
hooch,Russia,EPG,23450,0.89,0.9,CSGO
Teal,Australia,Athletico,2892,0.88,0.9,CSGO
lunAtic,Poland,PACT,21201,0.9,0.9,CSGO
J0hnny,Germany,Planetkey,3133,0.89,0.9,CSGO
ben1337,United States,Party Astronauts,18282,0.89,0.9,CSGO
bite,United States,Big Frames,3499,0.88,0.9,CSGO
Loord,Poland,ESC,9412,0.91,0.9,CSGO
hns,Sweden,Lilmix,6251,0.87,0.9,CSGO
fix,Ukraine,Worst Players,8772,0.87,0.9,CSGO
insom,Russia,Impossible,2911,0.87,0.9,CSGO
Fuks,France,LDLC White,7246,0.89,0.9,CSGO
Psycho,Ukraine,Akuma,11026,0.89,0.9,CSGO
xevR,Malaysia,MVP.karnal,6567,0.88,0.89,CSGO
Gaborik,Estonia,WASD,3077,0.87,0.89,CSGO
FNS,Canada,CLG,25080,0.89,0.89,CSGO
segalla,Brazil,Bulldozer,4127,0.88,0.89,CSGO
igorlight,Russia,JiJieHao,3002,0.87,0.89,CSGO
ino,Australia,SYF,6530,0.87,0.89,CSGO
JACKPOT,Russia,"""Save's""",2554,0.88,0.89,CSGO
spiker,Russia,Monolith,10974,0.88,0.89,CSGO
Ro1f,Sweden,Young Ninjas,2840,0.88,0.89,CSGO
sPiNacH,China,EDG,4602,0.87,0.89,CSGO
AAustiN,United States,Recon 5,5714,0.88,0.89,CSGO
els,Canada,subtLe,7589,0.87,0.89,CSGO
starkiller,Romania,Invictus Aquilas,3717,0.89,0.89,CSGO
JiNKZ,France,3DMAX,14411,0.88,0.89,CSGO
Pancher,Ukraine,eXplosive,2752,0.86,0.89,CSGO
MAiNLiNE,United States,Enemy,11092,0.87,0.89,CSGO
zam,Brazil,TShow,3168,0.85,0.89,CSGO
pronax,Sweden,fnatic,31403,0.89,0.89,CSGO
sibe,Australia,Animal Squad,6530,0.86,0.89,CSGO
kenshex,Brazil,C4,4464,0.85,0.89,CSGO
Polen,United States,Mythic,11470,0.88,0.89,CSGO
gut0,Brazil,INTZ,3075,0.86,0.89,CSGO
ScrunK,Germany,ALTERNATE aTTaX,21471,0.86,0.89,CSGO
Lambert,France,LDLC,18118,0.89,0.89,CSGO
keeN,Kazakhstan,Tengri,3753,0.88,0.89,CSGO
Prodigy,Australia,Noxide,3485,0.85,0.89,CSGO
k1nchiNs,China,LGD,3621,0.86,0.89,CSGO
ceh9,Ukraine,Natus Vincere,4501,0.9,0.89,CSGO
Ar3syK,Australia,Corvidae,4716,0.87,0.89,CSGO
Yvonne,China,EMP,6276,0.87,0.89,CSGO
ryk,China,Born Of Fire,7297,0.89,0.89,CSGO
Raining,China,EMP,3000,0.89,0.89,CSGO
FIOURN,China,Invictus,5982,0.87,0.89,CSGO
t3h f4rm3r,Hungary,DenDD,4243,0.87,0.89,CSGO
fanatyk,Poland,AVEZ,2713,0.88,0.89,CSGO
Fly,Russia,EPG,3649,0.87,0.89,CSGO
TheOne,Romania,Nexus,4586,0.86,0.89,CSGO
gulito,Albania,BLINK,3193,0.88,0.89,CSGO
wasiNk,France,Ambush,3613,0.88,0.89,CSGO
sonic,Australia,Athletico,5458,0.88,0.89,CSGO
Maiko,Turkey,DarkPassage,3943,0.88,0.89,CSGO
Tank,China,ZDM,3176,0.87,0.89,CSGO
SpyDaemoN,Brazil,Black Dragons,3772,0.88,0.89,CSGO
Straxx,Australia,Masterminds,4123,0.86,0.88,CSGO
karl,China,LGD,3717,0.89,0.88,CSGO
CyderX,Turkey,9INE,2824,0.87,0.88,CSGO
spat1ch,Russia,"""eL'quvet""",3493,0.87,0.88,CSGO
ViperDemon,Thailand,MiTH,3439,0.88,0.88,CSGO
LeX,United States,Mythic,10931,0.85,0.88,CSGO
sarenii,Bosnia and Herzegovina,4glory,5734,0.87,0.88,CSGO
dukka,Brazil,Gorilla Core,3764,0.85,0.88,CSGO
Adam9130,United Kingdom,GamerLegion,7603,0.85,0.88,CSGO
nylon,Hungary,Secret fe,2838,0.87,0.88,CSGO
Aaron,Hungary,Salamander,5088,0.85,0.88,CSGO
BERRY,Denmark,Ambush,19314,0.86,0.88,CSGO
JoshRT,United States,Prospects,7432,0.85,0.88,CSGO
torben,Denmark,Fragsters,13939,0.87,0.88,CSGO
Lightstep,Australia,Chiefs,6882,0.88,0.88,CSGO
AlaNDieg0R,Brazil,INTZ,4421,0.88,0.88,CSGO
tck,United States,Torqued,2890,0.88,0.88,CSGO
fabi,Russia,IN.GAME,3221,0.85,0.88,CSGO
HooXi,Denmark,Copenhagen Flames,15152,0.86,0.88,CSGO
vek,Canada,Swedish Canadians,4848,0.85,0.88,CSGO
JD,Australia,madlikewizards,9620,0.85,0.88,CSGO
JORDAN,Serbia,Squared,4458,0.86,0.88,CSGO
eDi,Finland,hREDS,4114,0.86,0.88,CSGO
barb1,Slovakia,Fraternitas,2643,0.88,0.88,CSGO
advent,China,ViCi,26183,0.89,0.88,CSGO
BanGa,China,Eclipse.o,2734,0.85,0.88,CSGO
seang@res,United States,Cloud9,18391,0.87,0.88,CSGO
kiko,United States,3sUP,2729,0.86,0.88,CSGO
SPUNJ,Australia,Renegades,3991,0.85,0.88,CSGO
natu,Finland,3DMAX,4782,0.86,0.88,CSGO
kotk,Vietnam,UTM,2648,0.87,0.88,CSGO
Kan4,France,TheDice,3937,0.85,0.88,CSGO
IceBerg,Denmark,Singularity,4409,0.84,0.87,CSGO
SnypeR,Australia,Athletico,3765,0.87,0.87,CSGO
Questionmark,China,FIVE,2759,0.86,0.87,CSGO
tropiiical,United States,F1-racecar-PEEK,3122,0.85,0.87,CSGO
nawrot,Poland,AVEZ,15747,0.85,0.87,CSGO
acl,Bulgaria,Outlaws,4355,0.86,0.87,CSGO
flowsicK,United States,Denial,10074,0.86,0.87,CSGO
paperboy,United States,LFAO,2862,0.88,0.87,CSGO
GRAMPZ,United States,Mask Off,4642,0.86,0.87,CSGO
Desshustle,Belarus,GoodJob,2629,0.84,0.87,CSGO
EMENK,Slovakia,KPI,3186,0.86,0.87,CSGO
swede,Australia,TRUCKERS WITH ATTITUDE,3777,0.84,0.87,CSGO
zecK,United States,Tectonic,3905,0.85,0.87,CSGO
daps,Canada,NRG,27019,0.87,0.87,CSGO
birdfromsky,Denmark,Lyngby Vikings,14353,0.86,0.87,CSGO
zlynx,Portugal,AlienTech,7518,0.84,0.87,CSGO
Golz,South Africa,Bravado,2937,0.83,0.87,CSGO
MAR1ON,France,ex-melty fe,2582,0.85,0.87,CSGO
montE,Canada,ACE,4361,0.86,0.87,CSGO
Dezibel,Australia,AVANT,9269,0.86,0.87,CSGO
gatito,Argentina,Malvinas,2838,0.85,0.87,CSGO
spielz,Singapore,HZ,3118,0.83,0.87,CSGO
Powerzz,United States,Variance,2817,0.84,0.87,CSGO
maaRaa,Mongolia,TheMongolz,4890,0.85,0.87,CSGO
aNdz,Norway,Epiphany Bolt,5863,0.84,0.87,CSGO
zmb,Brazil,FURIA Academy,2706,0.83,0.87,CSGO
CHEHOL,Russia,DreamEaters,2657,0.82,0.87,CSGO
Chuky,Argentina,Nocturns,2832,0.85,0.87,CSGO
sfX,United States,Whatever It Takes,2632,0.83,0.87,CSGO
juricM,Serbia,GamePub,4985,0.83,0.87,CSGO
Limpone,Sweden,Property,3103,0.85,0.87,CSGO
MomentPlz,Denmark,Epiphany Bolt,2802,0.85,0.87,CSGO
dobbo,United Kingdom,GamerLegion,3050,0.85,0.87,CSGO
mouseTT,Russia,Kungar,3622,0.84,0.87,CSGO
FeTiSh,Denmark,Dignitas,6057,0.86,0.86,CSGO
Maxaki,Sweden,ACE,3412,0.83,0.86,CSGO
TOBIZ,Denmark,Singularity,6137,0.85,0.86,CSGO
FrostayK,United States,Bushido Boyz,7957,0.86,0.86,CSGO
moop,Australia,Animal Squad,3402,0.84,0.86,CSGO
Rita,China,HegemonyPerson,5145,0.84,0.86,CSGO
trk8,Brazil,Falkol,3291,0.85,0.86,CSGO
PREDI,Argentina,New Pampas,2997,0.83,0.86,CSGO
Noxio,United States,Levitate,3136,0.85,0.86,CSGO
def,Ukraine,pro100,15797,0.85,0.86,CSGO
FoDa,Hungary,volgare,5024,0.83,0.86,CSGO
Fiziq,United States,AA,4808,0.84,0.86,CSGO
emode,Canada,RONIN,4261,0.83,0.86,CSGO
dav1g,Spain,Movistar Riders,3282,0.84,0.86,CSGO
zoneR,Russia,Enso,2735,0.84,0.86,CSGO
BLOODZ,Portugal,eXploit,6821,0.85,0.86,CSGO
djL,Sweden,Chaos,18180,0.86,0.86,CSGO
Devilwalk,Sweden,fnatic,10494,0.85,0.86,CSGO
wuyu,China,Eclipse.o,3037,0.83,0.86,CSGO
waneG,France,aAa,6204,0.85,0.86,CSGO
alecks,Singapore,BOOT,6228,0.84,0.86,CSGO
snapy,Portugal,OFFSET,2817,0.81,0.86,CSGO
nuga,Estonia,OnlineBOTS,3383,0.83,0.86,CSGO
shev,Serbia,GamePub,5835,0.82,0.85,CSGO
BeeTee,Australia,Integral Nation,2649,0.84,0.85,CSGO
blaq,Denmark,MASONIC,4122,0.83,0.85,CSGO
Twista,Finland,RCTIC,9970,0.84,0.85,CSGO
mag0o,Turkey,Royal Bandits,2876,0.83,0.85,CSGO
busta,Australia,Animal Squad,3793,0.83,0.85,CSGO
gotz,Australia,Legacy,4513,0.83,0.85,CSGO
gob b,Germany,BIG,25707,0.84,0.85,CSGO
sonic,Kazakhstan,Tengri,4454,0.83,0.85,CSGO
Slemmy,United States,Complexity,11663,0.83,0.85,CSGO
pTKKK,Serbia,4glory,2733,0.82,0.85,CSGO
berg,Sweden,Property,6076,0.83,0.85,CSGO
Art1st,Russia,5balls,3304,0.82,0.85,CSGO
Typos,Denmark,Ambush,3270,0.82,0.85,CSGO
MkaeL,Canada,LiViD,3310,0.82,0.85,CSGO
zEVES,Norway,Nordavind,8061,0.83,0.85,CSGO
zypztw,Denmark,Tricked,4735,0.82,0.85,CSGO
peku,Finland,KOVA,7324,0.82,0.85,CSGO
BobZ,Brazil,Santos,4289,0.83,0.85,CSGO
LONSDALE,New Zealand,Legacy,9415,0.82,0.85,CSGO
tamir,Mongolia,D13,6296,0.8,0.84,CSGO
Xtinct,Australia,Ground Zero,6719,0.82,0.84,CSGO
Strong Legs,Canada,Insomnia,2822,0.82,0.84,CSGO
splawik,Poland,PRIDE,3499,0.82,0.84,CSGO
SolEk,Switzerland,ALTERNATE aTTaX,9498,0.81,0.84,CSGO
enkay J,Germany,Planetkey,4593,0.82,0.84,CSGO
PASHANOJ,Russia,Unique,15386,0.8,0.84,CSGO
GYZER,Brazil,Black Dragons,3434,0.82,0.84,CSGO
rewind,Australia,Dynasty,2455,0.81,0.84,CSGO
Kevve,Sweden,fnatic Rising,4528,0.82,0.84,CSGO
Rub3nix,Portugal,Imperio Multimedia,2694,0.8,0.83,CSGO
Jumpy,Sweden,Escape,4605,0.81,0.83,CSGO
wallax,France,aAa,4345,0.82,0.83,CSGO
Chub,Australia,Paradox,6511,0.79,0.83,CSGO
mCe,United States,SoaR,6467,0.79,0.83,CSGO
Kwong,United States,Etherian,3012,0.81,0.83,CSGO
B1ad3,Ukraine,FlipSid3,23232,0.8,0.83,CSGO
shinobi,United States,Bad News Bears,9234,0.79,0.83,CSGO
rmL,Hungary,TRICKED,2745,0.81,0.83,CSGO
netrick,Denmark,AGF,11952,0.8,0.82,CSGO
soifong,Indonesia,nxl,3277,0.77,0.82,CSGO
SecretAgent,Mexico,Estral,3355,0.79,0.82,CSGO
insane,United States,Third Impact,3844,0.79,0.82,CSGO
haste,Denmark,GoldenGitte,8835,0.79,0.82,CSGO
redSNK,United Kingdom,Infused,2608,0.78,0.82,CSGO
Eley,United States,Method,3990,0.79,0.82,CSGO
simix,Belgium,EC Brugge,5407,0.79,0.82,CSGO
Heyz1ng,Russia,"""eL'quvet""",2951,0.78,0.81,CSGO
Ethan,China,Sparta,2800,0.79,0.81,CSGO
gmanchew,Canada,RBG,2714,0.78,0.81,CSGO
HUNDEN,Denmark,Tricked,41153,0.78,0.81,CSGO
chucky,Brazil,CNB,2883,0.77,0.81,CSGO
jhd,Australia,madlikewizards,2867,0.76,0.81,CSGO
zews,Brazil,Immortals,3640,0.78,0.8,CSGO
Habib,Australia,munyanyo,2348,0.75,0.8,CSGO
luk,Brazil,W7M,4850,0.77,0.8,CSGO
ferg,Australia,Exile5,3385,0.76,0.8,CSGO
Immi,United Kingdom,Endpoint,3894,0.76,0.79,CSGO
RuFire,Russia,VP.Prodigy,9320,0.75,0.79,CSGO
Bustem,Slovenia,KlikTech,2984,0.76,0.78,CSGO
DuDe,Germany,ALTERNATE aTTaX,8063,0.74,0.78,CSGO
flashstep,United States,Blight,3305,0.74,0.78,CSGO
gargoyle,Australia,munyanyo,3382,0.72,0.77,CSGO
HaRts,France,Clan-Mystik,2993,0.74,0.77,CSGO
OCEAN,Canada,subtLe,10602,0.74,0.77,CSGO
jakem,United Kingdom,exceL,2941,0.73,0.77,CSGO
benq1,Slovakia,eSuba,5070,0.73,0.77,CSGO
vanilla,Australia,munyanyo,2910,0.73,0.77,CSGO
MILENK0,Bulgaria,TTFU,3178,0.73,0.76,CSGO
SPAMMER,United States,Variance,3458,0.7,0.74,CSGO
valens,United States,Complexity,6594,0.69,0.74,CSGO
breaker,Australia,munyanyo,3160,0.69,0.73,CSGO
frgd,Indonesia,nxl,3196,0.65,0.7,CSGO
OverDrive,Russia,Nostalgie,3364,0.63,0.68,CSGO
